06CB40E7	1
8486A2B9	2
74BC42F9	1
7F0F7B8C	1
855CD84A	1
81E7C7D2	1
80D46FD6	1
863AF95E	1
8066D314	3
765C138A	2
7EBE6A0B	8
7E010E5A	1
067644E5	1
817B1948	1
7D9A5A52	1
863A2267	1
7F6AC5AA	1
810DD046	1
801471F4	1
7A3198CC	1
7E288982	2
056904C2	4
7D9AA2E6	1
79A68260	1
7D9E22A8	1
75A6DDED	1
813A2F42	1
7D975622	1
8163B2C7	1
2C0C94A9	9
123BE744	1
7F128FE8	1
81484844	1
2ACB5E07	2
7D3AFF36	1
86294987	1
7E74F4FA	2
7F942F46	5
7E60AA0C	1
85B533FE	1
5B234A08	1
78AC8A67	1
7E767A16	2
7DD98B87	1
8628A89B	1
7C9FC702	1
862E45EB	1
806C7C2B	1
84A6885F	1
81941AC8	1
810851E5	1
8163B89A	6
73053BAB	1
7DDB6823	1
86335E11	1
836EE8A3	1
7A5BEB96	1
7F63D1E8	1
7FE848BF	1
7B49246B	3
7C60CAB1	1
7B96EBF9	7
7F295D9E	2
7E7E5A70	1
862BE4EF	1
7DB772B8	3
7E103DC4	1
7C13FF9E	1
79E87EE0	10
72FFA959	3
006B84F2	1
80FB75AB	1
84A3A359	5
0FEEF2ED	2
7D780AAF	3
8568F989	2
8114A4D3	3
7ABCF093	1
7F301D05	1
86368F5C	1
7F7D2CA2	1
7F8AFDA0	4
80DA6A7B	1
7F94A4ED	1
810B0996	1
85309B27	1
7CFED37A	2
7D3D8EA0	2
817A2B68	1
077076C0	1
80B4541D	1
7E7CA927	3
7734DEED	1
8638659E	1
7D025AAE	1
781AC471	2
81DE967C	1
03FFF78F	1
7E448B3B	1
81E8F309	2
80EC5999	1
7F437379	4
72F4009C	2
78C5CF5E	1
7D1D6680	1
7EC88256	1
7D61F893	1
858AAC4E	1
7ED7FA69	4
8623585F	1
32CD1F54	3
7D8F09C5	1
817A7DCE	4
7D096B3B	2
81C19A94	1
862EE87E	1
80E41C90	1
1084B13F	6
45B76EFB	2
4A47D0D5	1
7DEBD08A	5
80675268	1
8582CE40	1
0E0A588F	1
8625E674	1
85266BB4	2
863EAB14	1
802B2F9F	1
8257D1C5	1
7F76C55C	5
7E01F188	1
2C14432F	2
7F866354	1
7E781689	2
850A9E7C	1
7F990360	1
83321D62	2
774BA42C	8
8025B10E	3
84337CF8	1
7E321CFA	1
7FE09175	1
862D6136	1
7FA7C5AC	1
863C7B53	1
813A2D1E	2
844C4545	3
862B28FB	2
80E9B5BA	1
7FAE303B	2
802FFA91	1
7D1179C4	2
7DD4E231	3
7ED59043	1
86388E4F	1
84226611	3
0BAE58B5	2
7698BD80	1
7D065F38	3
7657F30F	5
7FAC3DBE	1
7D58A3F9	1
8085F874	1
851F92E7	1
8133BC8F	1
7FA52BDB	3
79A2F57C	2
17233D50	6
6ED3B9B5	1
7D5DA3C8	1
7DBD40D7	5
7E93482F	2
7FF11D2C	11
7EA83C73	1
7F454C7D	1
7907760D	1
85786162	1
763C93C6	1
0E595D32	5
854A0A65	1
86353C5C	1
857885E8	1
7CFEF4D0	1
86223CC1	1
7CF2950A	1
7C94BE30	1
7D765AFB	1
84061E3E	1
056D47A3	2
863B917D	2
0673A0FB	1
8198231E	1
7E35C410	2
806A3312	1
75971682	3
7DF2DE66	2
1DEF38CD	1
49DFD54F	3
7549D8D0	1
7E0C809A	2
8482EDA2	1
690E2C68	1
164B0C16	1
68C32669	1
7FE9D8B3	2
808EE62B	2
86282B6A	1
11D4B453	3
70984B0F	1
7E9BA2A3	1
8623BE01	1
7F861E1E	1
7DB0C1A7	2
7E39A23E	1
81A373E3	1
770DC5EA	1
0C81419A	1
7FD4239E	1
80571127	2
842DDE03	1
7C71FB68	1
76CF0B72	10
40D7A410	1
7FB63054	1
7D9DADF7	1
7DE14118	1
804ABF55	1
7E8050D9	1
77C8AE3C	1
3612B5F7	1
862DECE0	1
7EF38DB5	4
806DBE1F	2
295A2851	3
84C5421A	1
8634C320	1
80580AF0	1
85C637DA	1
75DD2BF8	1
16E11179	14
7DBF3557	1
7F29910E	1
7DB4B0AA	1
863314D6	1
226DBF8C	1
7E87AA92	8
7DB963C4	3
419AEE32	1
862F5D51	1
86377C0D	1
80A597CD	2
0F9CCC51	1
157212B0	1
00C3E611	2
27AE3ECD	2
7D906ECE	1
79ECD49D	1
7E931D8D	1
0340570B	1
12F27EA4	1
12ECB2B4	4
26CE9F84	2
8004A59C	1
76C34F6F	1
84FD64C4	1
7F771D1D	1
7E18E605	1
20F05E90	1
4AE0C86F	6
7F3AF657	2
7D6484E2	1
281AF80E	1
8636F9C7	1
4B98A5FA	1
794F4D2E	1
85A02971	1
7EE5254A	4
777B02D5	1
861F5E60	1
7BB3DC32	1
10070375	2
82CA7ADB	1
7DBBCCC5	1
76BF282C	1
7CA60200	11
810F1942	1
7DB3A3CE	1
82BA736C	1
862FEFCA	1
80967505	1
7A9A81D9	1
8482C797	1
7663B310	1
0935CA7B	2
811B944A	1
8187A14F	3
0775358E	1
808EBFA4	2
7EB8EDD5	1
5DBC0D90	1
80B4BE60	1
1171206F	1
7FB2F329	1
77219F37	1
7E32AB32	1
7DF78EED	1
862262C8	4
7D11D36B	1
861F752C	2
86341623	1
13170639	3
7817453D	7
7D1EA1E1	1
80B9D9AC	1
811BD523	1
86315566	1
7A590716	1
7B8B5DFE	2
802B45BE	1
43395952	3
0B64F37E	8
8108EAD8	2
7F053159	2
863DCD22	1
861EF9A3	1
823D4097	2
862F94F7	1
7D309290	1
7CFCFE7F	1
86399AB9	1
7EBCD740	2
7FCCAE6A	1
7DCF2599	1
7C5C0ADA	2
817152CF	4
7E648C65	2
793462FD	1
862B98EE	1
7FC3CD0B	1
849E1047	1
84852F38	1
7E385463	1
70C4521A	1
71B15E73	1
7F130945	1
8152C980	1
7D895CA5	1
2098CC7A	2
862A43FA	1
862EE436	1
1482D248	1
0158FA97	8
1901AFAB	2
7EEC4E39	1
8213E0CB	1
797A5780	1
074505C7	3
7D43A712	1
7DD2A85F	3
762313DC	1
7D795E6F	1
0E4E8F64	3
290B3CFF	1
7FADCFE6	5
13F1C5D8	1
327F4F2A	1
862010C8	2
86201F2A	1
8168C0EC	1
7D410EAB	1
78FF148A	1
66711796	1
15CDFEEE	2
84D6CA49	1
7F91F176	1
0102D431	1
7D223347	1
0097AE12	17
7D389768	1
820A1F8F	1
7FFA170C	1
7BE13955	3
7E598E2A	1
1276346D	1
8620B0A2	1
80B39721	3
7F3ACC11	1
0AEE42C0	1
77D94D60	1
7628D9A2	3
86324F16	1
7DD7596E	1
84B4A434	1
8634411A	1
7F159134	2
7DC3E1B3	1
7E6724BD	1
7E64E057	1
805F8BED	8
85020791	1
13FE6DF6	2
7DF40CAE	1
7FC662BE	2
815D83F7	2
7E23DE8C	1
7EA8095A	1
7F530F00	1
7F876831	1
8538D3B3	1
3B7074BF	2
7DD7D001	3
862A1F93	1
7EC2CBCA	3
4A7FB292	1
7D82CBF6	1
7DCCAF7F	2
4A1E7ADA	2
84DF32E6	1
81C216BE	1
7DD8439A	1
7EB4825B	1
13C3B0AA	1
7DE1A4AD	7
7F13B4EB	4
2F997E03	4
0652C65F	1
782D8A33	1
7F25D8FE	1
85D6D6DC	2
71711CF9	1
862B584C	1
828A9272	2
858029CA	1
6D07E9C5	2
7E4F43E2	2
853F93FF	3
7BF8ACD8	1
86253625	1
7FCE53AC	1
85EEA0E2	1
7F3002E5	1
75FD264C	1
83C62CC6	1
85689002	1
752E0CC6	2
5B94E8A3	3
7DC5D925	1
86351D41	1
7D4C7E55	1
7FD407E5	1
334B414B	1
86220404	1
803E50DC	1
804D8851	1
5E0EC40A	1
78AD71C3	2
13D716A3	1
1B79C66A	1
809CA21B	1
76E64432	1
8622D4EC	1
7FED97F1	1
863CAE4A	1
7EAC66AE	2
0C8D7FDD	1
499C4DBB	3
482DF136	3
7E80BD32	3
75F8DA28	1
7D9E4F17	1
7EB9773C	1
5D39416E	1
7D06A6DD	5
8248EF86	2
7F00B90F	12
7FDAE5E5	1
8028276B	1
7D18E2A4	1
7D8F8263	2
7E46C7C0	1
86378139	1
80509AFE	1
719B0FD4	2
7F2D36C6	1
7864BA48	2
7BF26A70	5
75ADA503	3
7E5FDD9B	5
2BD86410	1
81EE2BCF	2
7E123A25	1
7C2E1741	3
862A717A	1
6096808E	1
7F6E7FA9	3
8635F28A	1
811DFAE9	1
7FCC8C73	2
7BD9528E	2
7718AA9E	1
85C2BC8C	3
76662372	1
824E583C	1
7F02FD17	1
81F8F694	1
14A7CF1B	1
7F83170B	1
2B210AEB	3
86284F6F	1
7DD208C2	1
095F0D83	2
84575F93	1
7EAAC8F5	2
863910CB	1
7FB66225	3
81568081	2
7DBB82C0	1
80733FA0	6
8624E29A	1
09E17025	3
8093C422	1
78A05A59	1
7729F50A	1
8167D0A6	8
7DAD06DF	1
09CA343F	2
808F5031	1
80928FA4	1
79BF9859	1
2865B196	1
7ECD39FE	1
6FBC0D2D	3
028C2452	1
7E17537C	1
8164AF1B	3
7585C2A5	11
863AC951	1
807CEFCF	1
7D85DB5C	2
42D08151	1
8086729B	2
816C2CF8	1
7F56D6B1	3
86386F55	1
7803FB76	1
7CEA79C8	3
862C2D25	1
715C57CF	1
80056B64	1
8623EE53	1
862FA602	2
7BC87EE2	2
2BB3FB8F	4
2AC006AB	1
08E9EC6C	2
7FD66B21	1
13EFF627	2
81262969	1
076CF301	1
143641E7	5
8044C089	1
0C612CB0	8
79E5BD0B	1
75B0A958	1
7F6DCC20	1
7F258D7F	3
8622FEF3	1
7DA995F3	1
80F59061	1
76AF061C	1
809524CE	2
4C28A5E3	2
8634BB36	1
023E96F0	1
561EA66C	1
7D1F1531	2
764D6073	2
7E6FFAA0	4
863C8B79	1
7F7A04C5	1
8632759D	1
12BAD0A2	1
85B593E9	1
847104DF	1
7EC6CA25	1
597C69F3	2
7ECD6B13	10
8548C709	1
85F50D53	2
113465C2	2
7E34A840	1
84C1F55E	1
82D58BE8	1
13418A21	3
05BFD32E	2
7DC500B8	1
7B5ECEA2	6
7FD5DB56	1
815C7DE6	1
48FBC5A3	2
7F91CDAA	1
7C40DCA6	5
4A10CFA1	1
7EAC4FB2	1
0DA94790	1
7FAA1FBE	1
7D1CEE43	1
06306AB2	1
77FD5A55	1
78B9D051	1
6F6E3D21	1
812715E1	1
7D398B71	1
7EEC453A	2
863844E2	1
7C53E87C	1
7D61629E	3
8564923D	1
80FF3417	1
12A333E7	1
8631A085	1
7E00A742	2
8269B9B7	1
0F9B3328	1
77E42479	1
65F1402D	1
7556B6F5	1
8061FBD4	2
7E061B23	4
7F715021	1
861FD329	1
1ECEB3EE	2
7BC2D064	1
80DA4E7E	8
852C41CE	1
7B4F8DCF	1
7FA9C9D6	3
7559435D	4
7F5667DD	1
76624F2E	1
8474FD17	1
803BCA82	2
862AC125	1
81027BFE	2
7D981D5D	1
7C3CB54B	1
130444CB	1
809F3BAD	1
7E1CBAF5	2
7D9A989A	1
861FD32D	1
83126E91	2
86235B59	2
7D7144DF	1
7D18E465	1
7533CE45	4
7D5190A5	1
75E437AA	1
81860B13	1
7F5E7F13	1
8005BD39	1
863C30EB	1
822F05B6	1
0CB35197	1
54BC5876	1
7C202B6F	4
045F58C7	5
7908CBC5	1
7DBE4309	1
7E20F7F4	1
7B67F9D1	2
76930D7B	1
0047F159	1
7938AC15	1
747D5F38	1
7D082E39	1
7DBAD060	6
7E9F4A50	1
78133FD0	2
0A9388DE	3
7EE2D18E	3
7ADD611D	1
76B429E3	6
8081A906	9
7EB69F0A	1
7DF8432C	1
820F79C3	1
79B2823D	1
0300DAD0	4
7532E091	1
09D4C282	1
863E6BF7	1
862EDA14	1
7D770D8C	1
3932DF62	1
047FBBB8	1
7EEB07C4	1
7FB84A6C	1
7F697FC4	1
78D9FC35	2
7C33EEA4	2
8073DA87	1
7E78E87F	1
819E6239	1
08362F9F	1
7F913DC4	1
03F5F66F	3
801C76C4	1
813F7985	1
76DCBF26	2
863D2E9E	1
7BBECCD4	2
7FA05C9A	1
7B01F463	3
7959B81C	2
7DC97F3A	1
47FC285B	3
80881C8E	2
862C4AA5	1
7B7BA2CB	1
7E03F09C	1
7EE2E7FB	1
7B741F30	1
0F8C1AC1	1
86227084	1
862AEDAF	1
80A7124B	1
6E761DFD	9
862C2F3D	2
7F69C0A6	1
84902413	4
7D2FE173	1
84AF7035	1
7DC9DDCF	10
6D3B11CC	1
1235972E	1
770496B2	2
7ABD3862	1
6F873A4C	1
5856A812	1
7ED67103	1
80B5E5FF	1
8404FBC2	1
0604F6C5	8
7F4FA4F1	1
7BF923D3	1
0481713E	1
770E9BC5	5
7F765853	2
17D9B6A1	2
13B7FEAA	8
78CB30DA	2
81232A4D	1
76DE5181	1
7DE92B76	1
7D731334	1
863EE934	1
86312D92	4
268517E5	2
1048A67C	1
7EABEC8C	1
7892E16C	3
74EF7F91	1
7D463EDF	2
7E090110	1
7BA06C96	1
83013269	1
801C2D3A	1
0896E7CF	1
80C4872C	1
84BD5B33	1
7E58EF57	3
7FE344F3	2
6C8B063F	2
7D4F64CC	11
78F69E6E	1
7589F96B	3
858CDFF6	1
7DB4F33F	2
81301197	1
7D323C65	11
863CC00A	1
1447BD55	1
03573584	1
7706AE0D	1
8622D4C9	1
7CEB90BE	1
7DEFC7CE	1
7D4F58CC	1
862032CF	1
783676C1	1
6884C571	1
7EDC3CC8	3
819B7578	1
863EC490	1
124B0AF6	1
7E72A9F8	2
7F731DC1	1
7A978BD1	2
145CFE01	1
7FD88496	1
80646972	1
33EEED39	1
7567EDA6	1
7DE81805	1
83672E4D	1
7FB97CC1	6
18880F37	1
7B046D31	1
80CF29E0	1
02C8FABB	1
863B8375	1
42F9E521	1
7FDE4A96	1
7F7C9470	2
7F8C5A17	1
7F52CF4D	2
809D7970	1
81053AEC	2
7C85321C	2
806936B4	6
7DA367CF	2
0DE6F334	1
0E5E51EE	1
861F9503	1
1301EC10	1
84B583F4	2
7E8F5B3E	1
7F75D1C7	1
7D0E598D	7
7E7F409A	1
8606733C	1
80AD9709	1
862CDC7E	1
7D694E8C	1
862A9AD5	1
840F5200	5
77255B80	1
765A6DDC	2
809452CE	1
784EC0A7	6
13139423	1
7E855C4B	2
80FE48CF	2
7EDEFB44	1
7531F481	2
7EBE5E7A	1
84D0BDBB	1
7F13E6C7	1
8621A794	1
7DEBB19C	2
857FC5FD	1
77CEB127	1
7E5D095D	4
7F33462E	2
76210DBA	1
6D42AFE0	1
7F327AE6	2
7E3002D5	3
7D362624	1
807F42F4	1
56F3AD83	1
12051EA9	8
0B1586D1	1
79A2C638	1
7DFAF8F7	1
7EECF8F0	2
49C7EC93	2
86338B1C	1
7D76B80B	1
86337AF9	1
12806CFF	3
7ED4047D	1
7EABB011	1
803EEB63	1
5ADCB15B	1
81266B1C	1
86394680	1
72009F0B	1
299840AD	1
7FC36EEB	1
05E92915	2
75A93D91	1
7EE5098C	1
7D394FC5	1
80139289	1
8639451A	1
809E5CED	1
7F5E1CDE	1
7E9E9174	2
854E84B7	1
862CFACD	5
7ED52FDC	1
8620F0A3	1
11FBCEFA	2
809C11F4	1
77CCE4A9	8
08C0A8A7	1
7DD6564D	1
7FF492C9	1
2A3CC828	3
7D981956	1
7CBD928A	4
5B71493F	2
4AC30B2C	1
7B3EABCC	3
779BFE67	3
0D2B4F3D	2
7D14CC31	1
797B06D4	1
7C73482F	1
7E936DCF	1
7D3E76EC	1
7EA00786	1
7CF45C89	1
8622B6C6	1
7FBCAB0C	2
7CBB1004	1
7CFECE2C	1
0525C7EB	3
00AC1E1E	1
753FCE70	4
2AD14A68	1
7E6BD419	3
75427C58	2
7DB66B01	1
754434CE	2
81EA87A9	4
763E0842	1
06143D81	1
6AA1A63D	5
7E1C299B	1
7FEE7B8F	1
281B6F5D	1
7108F9C3	1
800DFFD0	1
7F5556E8	1
46EDFEEB	1
804395C0	2
134D9087	1
7D90B70E	1
81396D5B	1
7E54E070	1
863DE465	1
7E6DAA4B	1
7DE83F67	1
77F17B4C	1
8620181C	1
78A9E45E	1
7F881862	1
86219F97	1
81595CB7	1
06705B2B	5
05B31E37	1
7DED0C54	1
7B96742E	1
7EF88F1E	1
86228BFF	1
80FD2B7A	7
850F62E5	3
0DB4EAD3	1
48EA8900	1
801BCA4B	2
75B2CADE	1
80AD0429	1
77C2B419	3
7D05A8A6	2
7E48F88E	4
7F44E009	1
832884AE	2
852DA89B	1
04CEE409	1
7ADB5A21	2
8556A10B	1
81101199	1
78E06DF9	1
858DA293	1
7F7E36C2	1
7D53654F	1
76781178	1
7DDDC70A	1
7DD575A3	2
81FD41C4	1
702F9DD6	1
7D808998	2
7E3571B2	2
854104B0	1
85C960F3	1
0D9C0BD2	2
7F6AEC92	1
7E274DD4	1
77B870C8	1
7F9D968B	1
728788AB	1
8628BF0B	2
50C0DDA8	1
7D5EB7EC	2
6E424417	1
7DAC7E7B	1
7E9D4A9F	1
7E88828E	1
7D7BE505	1
83638252	1
862B0D7E	1
7D56FB43	3
7987BAEA	1
863EC9A7	1
7FE48CCC	1
80B16323	1
77EC15D0	3
0966B2BF	13
8120B3CB	2
862B4340	1
80E73B4C	1
0736A5CB	1
80273373	1
48892B40	1
800EB681	1
863C2D47	1
7FF287A1	1
73957396	2
0A7B5487	1
85E63DD7	3
78DDCCDD	1
86318DF5	1
461BC109	2
74963571	1
7F58EC0D	1
289FF6B0	4
7509CE1D	1
84F7486C	1
7617748A	1
8625133D	1
80B3DAE0	5
7CE9972F	1
7ED7F3EC	1
7DF95406	1
8639CD64	1
7EBB9F19	2
767BF328	1
7B28F696	1
7F9AD256	1
7FBD1E18	1
858BB00D	5
7DD299C4	1
7FE84F6F	1
7F40F0CD	4
84828871	1
7E13802A	1
7E67D68D	1
76FBE1A8	1
7CEA1005	1
2957B492	4
811ED79E	4
7DD84685	1
7BECBFC9	1
79394F4F	1
00BEA51D	3
863D4570	1
81E8F36E	1
8218531B	2
0ACF7647	1
861FEFE3	1
8635E223	1
8129BCBB	1
7FA7D551	1
86202B6A	2
8417149D	1
7CE2ECA4	2
07E5B2B8	2
7F92EF0F	2
7EBD5B66	1
6B021BBC	1
7D3BE34F	1
7E78DF7D	1
7DC21BA7	2
7F9F2801	1
7D079A1F	1
7FABC074	1
8623FE61	1
7EE6EB8D	1
863AFB7B	1
7F104C32	1
7FAFCD26	2
85D794E1	1
0FD4F058	1
7E4BF27C	2
7FC51C30	2
718A4C08	3
7DCEB2C1	2
7D922755	1
335944A3	1
8155B916	1
7778384B	1
758EBF85	1
863036EB	1
862C2FE8	1
789269DF	2
80FA9BB3	2
8622F590	1
80048C6B	3
7FD7448C	1
863B8EC1	1
8017215F	1
79463BF7	1
8629CBE3	1
7E66CEA7	1
7D81DCD6	1
12E8AA5B	1
7894EA8F	3
843C7850	1
1038D2D4	1
7E4117F7	1
84BD15B3	2
14519C72	2
809BBC4D	5
85239272	1
7F347448	1
7DE28CEA	1
86345A7D	1
809D8AE7	2
755F9575	1
7606526D	2
7F980028	1
829EDB16	1
8198A229	1
7CF685FF	4
86280E35	1
79E51D16	1
7FFBCF8C	1
78649433	1
7E47FE0F	1
8479B1EE	1
8159788D	1
862C6D68	1
85F409AB	1
86371DB0	1
6C0A030B	1
01DDFA8E	1
7D4E7D12	2
7D9742B5	2
79587348	3
794F8C71	2
78B2560C	1
853E0CF7	2
7FC61E3B	1
7D983F04	2
8010B03D	1
098BCDA9	5
7C103BC3	1
767B24B6	1
2AC10789	1
862906DE	1
847F32DF	1
802AE054	2
8028ACEC	1
105EF9B1	8
0951D298	2
81B56BBE	1
7D85F18F	1
7108A6B1	9
8629B39F	1
824765E6	1
7A2AF70C	1
800C24C8	2
7CFDB3F6	2
07CFE343	1
800830C0	6
833F9D69	1
7F963B9D	1
19778DB6	1
8584916D	1
805F1DD1	1
7FBEC9FF	1
54E2D90A	1
7D2D94CE	1
059216FE	1
0035206C	2
80F47FE6	3
7EBDA198	1
7893E39F	1
7E6DC4B4	1
81518DF2	2
12671F4B	1
78460275	4
8116F232	2
7DB07A0B	1
75E739C4	2
7DFD1EFF	1
8632CF45	1
80E4B347	3
8621FD54	1
7D6A9106	1
7C9529BA	4
7E537A22	1
7EBD6971	1
59A182A3	2
0C8F4925	1
7A8B666A	1
7F4AEFE7	1
8632303D	1
7C8096EC	1
847C2FB8	1
7D26B76E	1
862EB48F	1
7E7B4477	2
200E8E37	1
7D01E0A9	3
7C431E3C	1
7BFBE69E	1
7FB1661A	1
7EB42B2F	2
7CE09C56	1
861F358A	1
7DB7AF23	1
7D79FF25	1
7A2467E8	5
27D40735	4
86350160	1
0022AA93	1
7C2C1E5C	3
863B4501	1
85D62CA0	1
7F16ADB5	3
7EED4848	1
279FDBA4	1
756CD0CF	1
81631A0B	2
849BCE43	1
7979310F	1
7F2F8DCA	2
86233A3C	1
805E719A	1
782D9C79	1
8627331C	1
247477CA	1
839D9D2E	2
7FDC97BF	2
7F535871	8
862579D2	1
7A295124	1
17A8BA17	1
28D05282	1
735A30E7	3
8167C9BA	11
7BF81E6D	1
8624150F	2
0711A5AA	3
7DC076A2	2
7F8B4328	1
803D60D0	4
7D346F68	1
7F6A11A1	1
7F26B4A7	1
26BF26FC	1
85DC81B4	1
17CCD51B	2
86392582	1
7ED01B8C	3
8303ECFF	1
8632E1E8	1
7BE8755B	1
7E97C53A	1
862620FA	1
80C263BD	1
70D7FC3C	1
2B067F27	1
80436275	2
84DDC693	1
7E0FCCB8	3
7F4B27BF	1
7F10BE6A	1
85E23585	1
7ECD1F23	5
7F6E114E	2
728A3353	9
7D58A067	1
7D16E332	3
106F383C	1
80F959EC	1
80965E22	1
863EEB4C	1
83E7D91C	1
848A6D73	1
78E60BCE	2
2343F253	1
862D1ABA	1
7DBE22EB	1
5445E802	1
7D4F5AD9	2
7ED32960	1
6BBF4818	2
804BE940	4
79716339	1
0C3A8EC5	3
86274D71	1
7E159597	1
862F27DB	1
76DCF64D	1
7F5FB87C	1
8162D661	1
862C5DF1	1
75048C82	1
8635E1BC	1
80C5AABD	1
7F70E798	1
0ADAF569	1
7A10080A	1
7F81E446	1
8620513E	1
28B1FBAD	1
800F814C	1
86305942	2
84B2A814	1
83B584F5	3
7B57CBE5	2
847121FE	1
03B8E876	1
131D6842	2
7D2A48D0	4
75A2970B	4
7E9F3F75	1
83CE9A1E	1
10A43A7F	1
7F683F2E	2
792EEDF5	1
08C88296	3
49FEE918	1
8624905A	1
0F2BB6A8	1
04F94874	1
80B64BFD	3
86389E04	1
770435F6	1
7A0FF0B5	1
7853B641	3
7F60D5FA	1
763DB161	1
862C8482	1
75FF324E	1
04A62EB0	2
7D75D12C	1
5E632909	1
19BE42FC	1
7F90ED71	1
849447E6	2
7B1C6B73	1
7515B55D	1
7D37D34A	1
0797410F	6
80EEB4E4	1
2A5EFA54	8
81F40725	1
755CF6D4	2
83959EA0	2
7E0A2E77	3
86255B6B	1
86270A45	1
7FD8B1BD	3
7FA8867F	2
7D098F13	1
7FB6F81C	12
7ECBBCAB	1
473D6002	1
7D69AC03	1
8637445F	1
7F104C19	2
11C4B869	1
814A008C	1
14CBCA08	1
3F48AFC7	3
7F74A96D	2
7E7C5296	2
7A63B787	5
80CCB0A1	4
7F4D8748	1
863B20F8	1
7DED4690	2
7467DE2B	2
7D23FBF1	1
80C3D04E	1
75464417	1
725690F1	1
810A27B3	1
84AFE1A1	1
7C108C09	1
8138ADE9	2
8638DC9C	1
7FD486AD	3
7D6C8B09	1
8639D78C	4
863899E9	2
7E3E7E2B	1
7F28B7E6	1
86279692	1
7E9C4D3C	1
79306C7F	1
7FC06D8D	1
7BFB2540	2
81118F58	1
7E528D9E	1
07AE661C	1
7C6729BE	1
86377753	1
81644113	1
7F199CB8	1
7E4C9DA1	2
7F6E6276	1
7CFCD5AA	9
75D7E6B6	1
8625240F	1
863A6E26	1
7E454A06	1
783CDD56	1
808385EE	1
803875B1	3
863096D0	2
7EC71F07	1
7DD6FBB6	1
78303BF7	1
7DAA6ADE	2
121274A8	2
7DF7E02C	1
4FA3472B	3
773131FA	1
804AE747	1
862E5F6B	1
814BE091	4
7E21DFEE	2
86379002	1
0AD9C046	1
7F73E321	2
7F73A13A	1
7DC66AE8	5
1362CFF0	1
7C17E54A	1
849030F6	1
77A82D4C	1
7CC1E449	2
28435564	1
80311559	2
81E332E8	1
7D4C2BDB	1
7E68FD9A	1
7D631CA8	1
85DD1E9C	1
8637CC7E	1
7B64569E	1
7DA28FD1	5
7F527D64	1
8636143D	1
79829C5A	2
7D510BC5	1
0F68005E	1
80D950BA	4
14AF4772	1
7FBC31BC	1
28DC7FD3	1
7CC0F560	6
7D55F0A3	3
7FD19248	1
7DAEEC7D	1
72E8CF7E	1
305AE453	1
00A7582A	1
39BCC579	1
83300659	1
863831E1	1
7FEC3816	1
78054977	2
7DF1298A	2
7BEEA349	2
7B770667	1
7EF68487	1
847143F3	3
7F16E4AB	1
7A4CA257	1
7E3F5E01	1
86202AB9	1
0C296618	1
778726F8	5
7D0F0451	2
7E3C200B	1
86216F1A	1
791F2A4B	2
762864C0	1
78F79C49	7
7F3013F6	1
7EFA889C	1
7F74B72A	1
7DAD523E	1
0E3189F2	3
7AF39805	1
7604E592	1
0853FFF1	1
863D075C	1
81FA9B1F	1
8633715B	1
80D23A97	1
8572CB45	3
7DD09E88	1
7E89C145	1
7A49EAE0	2
7FF2F173	4
7FE743D9	1
74BCF784	1
86333F5D	1
713515C5	10
4B2F50DF	2
80E541BE	1
7E286B9B	6
12693F49	1
7B974EA9	1
80F9DA36	4
09638CAB	1
775E317F	2
78AD6820	2
05EA4AFD	1
7B745B3B	2
80C75D8D	4
8638B745	1
86227A12	1
7E4E6446	1
7FBCD86F	2
814C32C3	1
7E45A604	1
8009D349	2
79F8587A	1
8167604F	1
00880845	2
7FCE771B	1
77116102	1
81EB512F	4
7A2A28AA	2
7C3B6747	1
7EF3EB61	2
09DF1739	2
8631A0D8	1
7F62894E	1
7D4D2370	6
776529E7	1
7F8BCB9C	3
81151889	1
7D3AE5C4	1
785FA596	2
1247E4B1	3
849A6D2A	1
7DE771F5	1
7E575E4B	6
7E7B8914	10
7D3A7EBE	4
7B2346A3	4
833756C1	1
759E6134	1
78359900	3
49C8218D	1
7597C644	1
81094188	2
7E55DDDA	2
79471DE8	2
7E1C0CBE	2
86319AEA	1
862E8BA8	1
85D19456	1
0E2E62AD	2
855C1306	1
862BE844	1
7DF90C55	1
7E9AEB04	1
8100A71F	5
0C2ADD4F	9
7EB26AC9	1
7ED42FFA	2
77EEA0D0	2
7EC73AAC	4
862AF657	1
7B6C83E8	1
1451E4FA	1
862307CB	1
7EE55BB5	4
7F47A80F	1
863EFC0D	1
8009DE61	5
7B582AD3	1
0B8B8305	1
2A94D75C	2
7AAD1024	2
10B30C28	1
4912B094	1
7D07EB2B	1
7E68A2E8	1
7D4DBE04	1
078315FC	10
7D722BDC	5
7DC9E937	1
7116B639	1
80EFC0E0	1
82A98114	1
7D9190A8	2
0740FC57	1
7B97601C	1
7A5CC055	3
7C8794C4	1
7CB07266	2
8173421E	1
7CF9894E	1
00D75507	1
7E1AC4D6	8
7D40CA6A	15
86320A95	1
7CE9CC90	1
12A61BDF	2
863169B1	1
7F728CC4	1
7E78141A	1
7E338EAB	2
7D227EB4	1
80A9EFD9	2
8622FBB3	1
7FF851DC	1
85661C87	7
00721344	5
7CAC63CF	1
631E8DD2	1
80335E2F	3
7E1691BD	1
794DD0B8	1
862BA43F	1
7EDE2943	2
809335B4	1
80CE7847	2
77D1ED21	1
86229F03	1
8163F503	1
7D5179D5	1
7B5AAA4F	1
81A0C285	1
83D62E84	1
7D8B3A03	3
79E38F44	2
7D8BAE18	1
863C91DC	1
861F1419	1
7F763DDA	1
8151BD45	1
78BCC7D7	1
85D21DA2	1
7DA246AF	1
8226D279	2
7E581246	1
7FCD3698	1
7DDE4C2C	1
5A727384	1
85948043	1
8627368F	2
8635DC49	1
0ACBD3B0	3
7D93743E	1
7DD27CE2	1
80BFB4E3	2
815EFAFA	3
789C6A26	1
862F3CFC	2
80317249	2
7A0FE9ED	2
839C5372	3
7FCE1AD8	1
7EB19D2C	1
755DFB1F	1
07FA20C5	2
7F8FFBC8	2
75D09248	1
85D397CA	1
805225EF	1
5997E5F1	1
85E96285	1
7F398C08	1
81261B39	1
7F7B902B	16
86357C76	1
7B8ACF57	1
766A2504	1
862FA21D	2
7AC9A1A7	3
55621864	5
77FC87D3	1
7FF14B97	1
7FF6A68D	3
8630E3FC	1
7F22B06E	1
851E884F	1
8424E88B	2
0EB52B8B	1
76DD784C	1
80701129	3
80631D71	1
79B178A9	1
8536D784	1
7F0C12A1	1
7550C08C	1
862DB3AA	1
861F2DAC	1
04A34E31	1
79420031	1
7CB1E715	1
09D8E6E1	1
7DF0042F	4
546A5899	1
862A0D5B	1
7F896460	3
13950312	4
86254754	1
8535FE95	1
80197C8B	4
7D750E5F	4
8623D376	1
81CBCC15	3
8082761A	1
794F4398	1
7EF97940	1
7B940808	4
812458B1	3
82A7ED6D	1
7EEC6876	6
7DBD99AD	1
7DDEAAF5	1
7F51D108	1
6883C789	1
835CCC00	1
7DD1048D	1
84E332D6	1
70362763	4
7E0394FC	2
81F0F9DB	1
7EE75C32	1
78759ED2	2
09C54603	3
814092DC	1
7CFF1287	3
817425FF	1
7FD5D4C1	1
80DC9C5B	1
13F42EF8	2
047CC225	1
7EDB2F9B	1
07C6A349	1
6FA8EC1B	1
8638FB48	1
80FB07CB	2
7F0DAE77	1
85387D01	2
8539D2EE	1
7F1851A3	6
7E55F514	1
862148C3	1
7EFFBE5A	1
84825780	1
7D52AA1E	4
801234B7	5
803B659D	1
58CAC602	1
7E1A0E79	1
0603B721	2
00EA8B09	4
82695A20	2
836D6954	1
7E7FDFC3	2
0FB0613C	2
7D0B4A44	6
035F1EA3	1
7BAF3BC5	1
42801F66	3
71EF94F8	1
0D53CAF0	3
7B5A3ECB	1
85E8A05E	1
7D556159	5
79BDD5B7	3
12595477	1
7F05F3D6	1
7DD3E940	1
06D35FD5	1
7E8ADE06	1
8045D10B	1
84A20A5F	1
8101379A	2
0CDBD6F7	3
010974EF	1
7E1A530D	1
7711F3AE	15
8632FA98	2
7CB3238A	1
7B5621BA	2
7FD41018	4
4E406042	1
7D3DDDF6	1
7DC12231	1
77936E03	1
856FB528	1
042419C7	1
065BF516	1
806F1ED2	5
77F055F7	2
04062FE0	4
8108B1F1	1
816BFB33	1
8622C2AF	1
7FE0F6DE	1
7FD8FB4D	4
75F10965	2
80BE6D40	3
7E2C4D63	1
801DEC55	9
78436FBB	3
3D764A7F	1
83A8D395	1
6FE7F22A	3
7EB5DAFA	1
7B48792A	1
81F7CE1B	1
80699EFD	3
2A0E4E7B	1
863ECF65	1
8639BE2A	1
7E8AC472	1
7BF24781	4
0AD5ADD1	1
7F5D7275	4
7FDD7370	4
7645041D	1
753712D9	1
077A119E	2
7DFD856D	1
86307768	1
15018E82	1
7F38C29D	1
81EF3B2D	1
7D4C6B8E	1
7CF43226	3
815847FD	1
7CFA6BFB	6
7FED2B2D	1
8631D232	1
7D3264DD	8
7BD23E7E	1
862D80CB	1
0B73B34A	1
8630EB6F	1
80D38092	1
7DACD9DA	4
7CB768C6	1
7DCF0930	1
7EB61781	2
80A01949	1
7D4EC49D	1
7E2112A0	1
7DED75E2	1
862F3E57	1
7F9C401B	1
7E797B98	3
7F208F8C	1
7D1F8D45	1
7CB3784A	1
7EC3868E	1
7F71AE01	1
84A24A80	1
85771AD8	2
8628E58F	1
7D30C23C	1
7D264A30	2
7A053892	1
0086F4F9	6
863380C5	1
86347B97	2
863D00B7	1
7A96012B	3
81ACE91A	1
8634E060	1
1310F353	1
8461F1E4	1
7CF2BA08	4
7F1BDC23	1
80617E19	1
70457FED	1
80D66488	1
7C5AE709	1
7C1E36EB	1
86328E25	1
7DC6888E	12
7D6E768B	1
7E712F6B	1
0D0739BC	3
7EFF0B8F	1
7D816CC6	1
7FF928D4	1
7F782636	1
844F7E9A	1
863CFA0D	1
0B8A7FE3	1
7B3BF9B5	1
7D909F93	1
7E6635EF	1
7DA44AD1	1
7AC1278C	3
7C39621A	4
816DFF59	2
7E7FB9E1	1
7F5E553E	1
82BE4D5B	1
77A0F3EF	12
487BD07D	1
844B9823	1
84FA4C2C	8
1019CD5C	1
8623D4FE	1
862855D8	1
8624418C	1
818409D8	1
780E0F3C	3
7DD06CC4	1
7A199DB9	1
7E3F3023	1
7DC93FE4	1
76F2DE68	1
7E0BF999	1
80220E03	1
862E233A	1
8493CBB0	1
7623EB4E	1
80ED2EFE	5
59B25B96	10
772033DB	6
80E35857	1
862B1793	3
8633D197	1
7D60C3E3	1
780CF821	1
79E46A63	1
7F0984EB	1
862D89A0	1
0F2639E6	3
80369769	1
7B5A5F68	1
7D2E17EE	2
77274B43	1
0B8C68EF	1
107AFF10	1
7C9A3FE1	4
7D8D1E74	1
81DBFCB7	3
04A28530	1
7D1A0C3C	1
7E87E0B7	1
8115582F	2
86205CE4	2
86249014	1
7D96555F	1
86353BB8	1
80037BAF	1
8627B5FF	1
08379AA3	8
78CC8E85	1
863CCA62	2
7EB01FA8	1
0682CA11	3
84840556	2
7EDEE9FD	1
86208D37	1
0C7C451D	1
770B392F	1
0ADF49FE	1
7689037F	3
7FB8F090	1
8638C64A	1
81D446AF	1
85132000	1
84DE684F	1
78D6C0E4	1
8087DC15	1
77F36D41	2
7E906AC2	1
7D0D108C	1
7B8C2BBE	1
7FAFCE26	1
7FB35448	1
8624DE2D	1
85DE4BBA	1
0506940E	1
80167A8B	1
7F99239C	1
7DF57FA3	1
837ED2C2	1
7A0A5246	1
862F4B41	1
7E3B60A1	2
7D566D43	1
7F1D2DD2	1
7A30631E	1
82AA74DC	2
6D613CCF	1
85290432	3
8583CBA2	1
09296ECD	2
86200737	1
0E78754E	1
83A49EF4	1
84E7AFAF	1
7B02DCAB	1
093045A3	1
862A86F4	1
863224B5	1
863E2DAF	1
74EFC284	1
7ECA37B3	1
78E30EC4	1
7FF36B34	8
85502398	4
0F6AD5C8	7
0339FE81	6
239D1D2B	8
759E185E	2
77CCC981	1
85342D60	2
7DC6CB06	4
8624510E	1
6B06ACFA	1
7FB40023	1
7DA8E5B8	1
79BFB30A	1
7D52984E	1
7DAB8F85	4
787A8EB3	1
8011CF04	1
7F4E0AF3	4
7A5A0014	1
86346477	1
7E85E17C	1
7C1D6E43	1
801C7904	1
85C382D8	1
78180BEB	2
7F30B09E	2
7D82A3BA	3
11B70EF3	1
026405C8	9
7DAD25A7	1
787416EC	1
75F1BFDD	1
14567D07	1
862F0F3D	1
7DB5AC8D	2
86281C8E	1
7CA93B5F	1
863ACB38	1
794ACB45	3
80A3DEC4	1
81B635C1	1
7D87854E	1
7BC2AD6F	2
7892509C	1
11E6C204	1
7F3D20EE	1
0299FA59	1
862D5953	1
7E2DB4A3	3
810C9656	2
7F58AEF3	2
8031EF79	1
863A5993	1
81793E18	2
8631663E	1
8620BD3D	1
7D19ED6B	2
7F41210B	1
7BA46040	3
7E8BBE4F	1
276A3F77	2
12BE01DB	2
85A9952D	1
86220970	1
86280CBA	1
7A5455F1	3
8637195A	3
813680C5	1
80F5EFC3	1
27950360	1
7F15E15D	2
2880604F	4
7D4A6555	1
7F2B09F7	2
81BFB6E5	1
776C8643	1
80907738	1
4BCFF267	1
7D9CA94F	5
7D4C14BC	8
799CF3F0	3
7926D653	1
0744DD1C	4
802140F4	2
77D0D9A5	1
021A5A00	1
68B0855A	1
863EF044	2
092C5F17	1
81035A18	1
80FF5E39	1
2879E455	1
8628AAA1	1
7DF7CFD6	1
804E1B43	2
7D77587A	1
847DFB8C	1
80FF04EC	1
7F780708	1
75815DF9	1
81C9723A	1
7EAB25A7	2
0ECB62B1	2
863CA599	3
79A744C8	3
14D50146	2
863D6AB9	1
80FD39DE	1
81E3E134	1
815AC9F7	1
851ECAEC	1
061D75E6	1
7F5C586C	1
093EEA61	1
75DECB9D	1
863A0DA4	1
7C4E5F5B	1
8545D0A0	1
773E92EE	1
765FEA26	3
7E945E02	2
7F89EF6A	2
16218298	1
80B6FB4B	2
7FB7A3B3	1
12D1E4D3	3
7B90449D	1
80C2C7B5	1
7DD22D2C	1
2871FB7F	1
7F66C61A	2
75245BF1	2
16DF569C	1
0EDF51C7	1
7F58F212	2
1510BA48	1
1399B688	1
0266F041	2
7EB458A4	1
7E9F62BF	2
7E7CBA75	2
7D808B76	4
8620D820	2
80F30647	1
785BA60B	1
813AD9F1	1
7E77BDF7	1
80453EAD	7
8628CC54	1
7B58198C	3
862BAB45	1
50B71FDF	1
7EFA8287	3
7FE4500E	1
7FB73DA4	1
28C58049	2
64B4C70D	2
800AF9F0	1
814BB58D	2
85C106E1	1
7B53D376	7
7CE1F8A3	3
7699E3F9	1
85583B9A	1
7EEA82D5	2
10CD787D	1
86309FFC	1
774BD200	1
80D37B17	1
7CF1F35D	4
7D677ADC	3
29D2C866	1
8000513F	5
780F5DE7	1
863E69CE	1
7D880133	1
85FD74C3	1
7ABC9636	1
13B5FF00	6
862FB5A6	1
7993AAC5	1
8079385F	2
7D90C0D5	2
7F3B5721	1
75A27534	1
7B3CA100	2
816B8664	1
7F428ADD	2
857DB478	1
7FC5BBFF	1
000E7F02	2
7514DDF6	2
86265131	1
8082E21C	1
7DE8ED5D	1
7EA6E6DB	3
78C600B4	1
5C1DEBC3	1
7F9402F4	1
77ADDD1E	2
7901FAB5	1
7E470BA5	1
7553308A	1
75CF1BB5	1
71357CB2	3
85BF6927	2
55D2458E	1
751F4173	6
7633B9BC	1
7D78A640	4
7FA5AD49	2
7E515FDC	2
7D34DA6A	12
7D085E12	2
14F462D7	1
70833692	1
851D0214	1
8623CF48	1
863A79D0	1
7F181971	1
7DB0D790	1
8109EDA4	1
862C913E	1
7FE8ABFB	1
807C32CD	1
8106949D	1
8632503C	1
7F7986B1	3
8122BF2F	1
7FFDE202	1
857127B4	1
808D6DCD	3
7931C84E	1
862DB3F9	1
028764E7	1
7ADA98CB	1
47A93FCA	1
806C59CC	1
82D7DD36	1
7F7A13BB	5
0B9F508A	1
804AAD22	1
77A2C56D	1
863B1E37	1
8638E26C	1
7D1219E6	1
856EB2D0	1
862C6DC9	1
7D309E3E	1
7ED032FE	2
8080ACBC	2
80F07905	1
85D36AAB	3
7DF3B531	5
80BC0CEA	1
7E72A0E1	1
7D75A1C9	1
7F2AB1FA	1
859CCC6B	1
12692E4C	1
7F001270	3
11C80543	1
84EB96C3	1
862FD6FE	1
823FC3DC	1
793DC9D8	2
7F1A2791	3
79CFB066	1
86222CFE	1
782C44EF	2
8615517E	1
7E10C2F9	6
862ABD6C	1
85A2900D	1
7F2A5D50	1
7FB26850	1
7E02CEAB	2
7AB01BCC	1
81EB44FD	1
862CA9C6	1
838076AC	1
11708587	3
7EBE91E8	1
48D9B12A	2
7D664766	1
86309554	1
807CFB44	1
7701AD3B	1
863DADA1	1
8130BB27	1
8018ED72	2
75E6817E	1
085A4A24	2
7C65F0E7	3
850A1DFE	1
80101F85	4
81C13074	4
80E62FCD	1
7CA518E1	1
7DA59B70	1
7D19316A	1
7E814064	3
7E18F57E	1
853394CC	1
80E1FD11	1
862F3A08	3
7F392CF9	1
86276E5C	1
7D0C7E7E	12
80B9DBAA	1
863C51F1	1
84D9A405	4
7E8C94CD	1
86278011	1
83E914FD	1
7D1FA18A	2
7E294588	6
27FB3CEA	1
46BB3074	1
7DA19C43	1
8537D0FB	2
863E17CE	1
7DFCDDB3	2
5A8CAFF5	1
7F9F28CD	2
7D0BB7C2	1
805D1809	1
7F73BF0D	1
7AFABC38	1
8626986E	1
7E6DC2E5	1
7F7658B6	1
814FDCD9	4
79CA6C91	1
760FEF95	2
7D571D99	1
809445E7	1
81E0D074	1
80A1B8C1	2
809EAEC3	2
7EAD1F5F	2
812B1DA5	2
06A9C280	2
7735B7DD	2
79882D88	1
086CDE3F	1
7EACBB79	1
8159C0FE	4
0AACA207	4
7DABF151	3
7FFBDBE0	5
81217E5F	2
7F7CE5D7	1
81A3F3F2	1
76F76254	1
82CD8846	1
7DD06FCA	1
7D791DF7	1
7DA37BFB	1
863D6E3A	1
839275A0	1
07AD268B	1
083A376A	1
7D49C263	1
8602745E	1
8637CC90	1
863D321D	1
813FF268	1
84BAAAAD	1
862AA79A	1
7C251D9A	3
47444BCA	1
8633D64F	1
8623321D	1
005D4952	5
7E9F0259	1
00FBD2AC	6
7D339F95	5
7F9B9E25	1
862BB2F2	1
8633FD19	1
0189128C	12
80782527	1
7B1FA281	2
7FA79753	1
8590E690	1
7E73551D	1
8620043E	2
7F325AB6	2
81F85211	1
8632F3EF	1
7C9CB1CB	1
7D8C73F3	1
7906FF12	5
7C8B3BCD	1
8041E78C	4
29556B05	2
119920C7	1
85FE9358	4
8626A6C1	1
118209D0	1
8624FB21	1
66B6AABF	3
6ACFA2EE	1
7D6AA06E	1
79E07F90	4
59C20D8E	1
79C64E56	1
73DD5078	3
8632AC98	1
83BBB253	2
80CB4FA1	2
41BBAF34	2
814F4A39	1
802E3742	1
81B23482	1
7F82E3D2	1
7FF73F4B	1
29C799D9	1
7EE9FDDA	1
7BE4B8CE	4
7EC643B5	3
8309BAA6	6
7F277D65	1
79C46113	2
76E45B08	2
077F3DF3	1
7EF0F0B4	1
7549620F	1
7DC5519F	1
275349A4	1
7D22391A	1
847BE7AC	3
795C416A	1
7E64189E	2
7D52FFCA	5
784BB61F	1
762E2C93	1
14AC24BC	2
5C8E5245	1
792A18D6	1
79B9A91E	1
482CB8F0	4
7473C8B3	4
84B95A5F	1
29AB0043	1
49336407	3
858EB55C	1
86352255	1
0EFBE315	4
805C493A	1
7A654EE9	1
7B25F366	1
7EE638C3	2
7F82927E	2
7EDD82B4	1
7FB5C5FC	1
7DDEC3F3	1
4BF15098	2
7EEA7A2C	1
79E5AA23	2
75721CD3	1
7D06812B	4
862C191C	1
7FD24CDE	1
47F50EAB	4
81FE219C	1
7BC00811	4
7EC705E1	3
47C4870E	10
80765547	1
79B30C62	2
7FE8F236	1
286E27EF	3
1945E18C	6
0DFFE05D	5
862B648B	2
5817484F	1
84E43F34	1
761A6847	1
7E92D766	1
7E3F92AC	1
7EB38B9C	2
7C973E9B	7
847453A6	1
075E512B	2
7E0AEE9D	1
7DAD9E46	1
7AF7DE79	1
8628A7FD	1
0B55B66D	1
862AD0BD	1
19A2AD94	1
48E7AD40	3
76330561	1
594A05AE	1
7F80F15F	3
863B0AFE	1
77C853C6	1
12580AEE	4
7EB2C685	1
01BD593A	2
7927AE30	1
80BDF5BD	3
73CCC9C7	4
7EA04A0F	3
804BF0E1	1
8043BBD6	1
797F1558	1
7E899A03	1
28D45FC0	1
7DE0220F	7
86257A66	1
7E345445	2
7D9C3ED8	1
85826D56	2
8623C9E1	1
09D59795	10
7FED10F0	1
7F6922DA	1
7FC2FBF6	1
5CAD2288	1
863A6F87	1
460A8A38	1
8620D61B	3
7DEDAF71	2
0773105A	1
82F79775	1
8639062B	1
7D719EF8	1
8145E85D	1
7E8776BC	1
076BD35F	4
81B1DB19	3
7D1DB230	1
858BC129	1
77845D02	1
7EA51F66	1
81420B63	2
76C9E672	1
805A50EA	3
82CA8A1B	2
730C7E27	1
7E25F5C8	1
76F1CCA4	1
7DFBABDC	1
86233153	1
0C0B0994	1
7FDC13F4	1
862D33A5	1
7ED16450	1
81A8A7AD	1
862ACBA4	1
7D993606	3
03A2D8DF	2
85305FB2	2
815CE6BA	1
811C9BCE	2
80FD683C	1
6A7D0689	5
7D8EF471	3
073FF96E	1
804AC10C	1
8081CA05	4
7EDF838D	3
804E0AB8	2
852345E9	1
853DED40	1
7FB2F610	1
7DE1F5A4	2
75FE6F60	1
7D59F547	2
26BAF80D	1
75D1D252	1
836709AB	1
7BDDCBAD	5
80B69EA0	2
7EB1A38E	2
8019CE11	3
862AF68C	1
800A32A8	4
80B6BFB6	12
45611CE8	1
7C55F512	1
78ACDA62	2
8638EE8C	1
79E29F7F	1
7E73403A	1
813D7B3E	1
8088E613	1
7F357F86	1
76CDE27A	1
2C0CC54E	8
8625F9D2	1
7D11CF00	1
05424A5F	1
8636CEE6	1
8623BCE2	1
4933B8E2	2
7231BA45	1
7A868C05	1
8133D914	1
7C1CCB31	1
7B9BF642	1
8303AF96	3
13B7EB3D	3
7BB9E99F	1
80DDFF75	2
852C328B	6
85CFA381	1
86320499	1
863158A3	1
7D12DB04	2
7FF5B905	5
7E3E7940	1
862662AF	1
783AF160	1
80EFEEE8	1
8624CF62	1
7DB47C50	1
0CC414D2	1
86390F39	1
80F4ABFE	2
47E46E4E	2
8005B94A	4
7B3E1868	1
7E98C3DD	6
791B676F	1
862270F0	1
7DD1282E	1
86296C73	1
0E178B2F	2
7E1343C8	1
853C5128	1
0F1D6801	2
002C2840	1
7F162006	1
090C1131	1
164D0353	1
7DAB9B49	2
09F0CE85	5
8636F096	1
4AEF6847	2
8638F561	1
7F46D530	1
7D2CA773	1
813EC5E5	3
7A740228	3
0245A2F1	1
7B2BF8DC	1
782A3480	9
80967664	4
79F6F81F	3
854C6D7D	14
7FB040E0	1
29F1B6AA	1
7E12C11E	1
772DCAD9	1
7E6E9D06	8
7B453599	2
79A76B63	1
7E33DAA5	1
7F58A0FB	1
8104EBFA	2
861EFBA2	2
84BAB2D7	2
731C2C2B	8
4940C427	1
7DCD1A1F	2
80F6415C	2
7D5FF2CF	1
7F89EC2A	3
7DFD6F72	1
8639C4B9	1
7F55C768	1
7CC71225	1
799500A6	2
014D68BA	2
27DC87D1	1
723B8DC4	5
80F5025C	3
7D09E928	8
7899CC47	1
86232FA6	1
801106B5	2
09DF830F	3
016AEAC5	1
7E6DC360	2
8021ADAF	1
7F16E9BB	1
80F491B4	1
27470304	1
7F91B7B9	9
8303A6C8	1
86304EDA	1
7FDF4DEA	1
4C060ADA	1
4C093C73	9
7D7E147D	1
6979B2C1	1
86276963	1
8635AC09	1
801E5C2F	6
760B5AF4	1
752AD117	1
7AFE7CBE	1
84F6F3F8	1
8068016E	1
82E99D59	1
85F21B49	2
8631A64F	2
7790BA6C	1
82B9EE66	1
7FD971C3	3
79A4956A	1
7FE3855D	1
7EA3A7D1	1
7D2E4DF0	1
8173B82A	3
863EF2A9	1
76EEADAA	1
7D1DE48E	1
82889DF5	2
836A0453	1
80C11FFE	1
81D9AF35	2
8497D8A1	1
861F4776	1
80FA9A5C	1
86264CA1	1
8621F8AE	1
7D08F138	1
863EF212	1
80966B2F	1
7F38AF3D	1
5B3C5802	1
7E5F1E00	1
7EC84A78	2
7F9E7A0A	1
7D9F3286	1
801EB57F	1
82CC10A9	3
7F5A8142	3
819DCA3F	2
7D10C3E1	1
7D570957	2
761EA5B0	2
8620908C	1
8126C19C	3
29CD3777	6
800CAE69	2
0C3DDDE6	1
7CF04F13	1
7C534087	1
7E281915	1
8391387E	7
78927CF7	3
7F1AA2BF	1
863DAA01	1
86347494	1
7FFFFA39	1
5D5AFAD3	1
49021DE1	2
7DC2B278	1
86230F42	1
7FB76008	2
802FCF2C	1
863162C2	1
7EF0DCED	1
56F7EDB7	1
863A51E9	1
7FAEE3BD	2
02E6F614	10
0491AA76	1
6BEBDF19	2
0330A9E9	4
800F46EC	1
7FE83E98	1
1BF8E159	1
85D7B47E	1
16971A5A	3
79775102	1
80B78A2A	1
7582CEE0	1
80F9509C	11
7F51AF09	5
127BB173	1
039F4027	1
8638215C	2
8023051C	1
801B93CE	2
8154F91A	7
7F151DEC	1
7DC6D975	4
7E7E701E	4
862CDEF9	1
7C7E0D49	1
0F59DBCF	1
80CACBE1	1
7F6C0065	2
7E6AF00D	1
7D496275	1
767B0F70	1
82D6B5B1	2
6085B7A4	2
850B3D29	1
785AD38B	1
852585DE	1
83C87852	2
7F754EE1	2
026235F8	7
83CD9239	4
80D19D52	2
80EFA266	1
7CECD80C	2
7E5D6F5E	1
778343CB	1
761F5F97	1
80AC8CBA	2
776980C9	3
70F9AAA5	2
0BCA9ACB	1
7DDECD77	2
7E8A1AB8	2
7D457652	1
7788383E	3
7F239EC8	2
800AC329	2
84D9AEC2	1
154172D7	6
38415C63	1
5FC42BEE	1
018E8FE1	1
7BC9F0C7	3
7BCCAE6F	1
80BBDF82	1
85714EB4	2
86363CFF	1
4EB50398	1
8284CE80	1
862CBF59	1
7C6CD9FC	1
81216404	6
7116B905	1
773BF4BB	1
8633F2F4	1
79BDD627	1
8311DAC1	1
7D3ADDA7	1
7D5D95E8	2
46EA1E68	6
7E75DA3E	1
80968337	2
8088DB5C	1
045F974A	7
81E0386B	2
4A1FF9EB	1
7E895B0D	1
8637187C	2
7E423C1C	2
7C03AF98	2
0E7017D4	1
01463DC1	3
7DBF61F0	1
8074D083	2
19F6D28A	1
83626065	1
29378ACF	1
80A83B18	4
8022A39F	1
7E31602F	1
80FD2281	2
73AABF96	1
7D9A3587	2
7EDA77A0	2
82336798	1
4380D141	2
814C54A9	1
77C157F2	1
8011EA83	2
7E97A6DC	4
7EB3A21D	3
8137FFD3	6
811E7368	1
0F885FA1	3
066B9014	1
850B2569	1
803BCE26	3
854B340F	1
7D26832D	2
77B865D6	1
72F49934	1
80B541EF	2
810CB1EF	1
7EBA889C	1
05780154	1
7ADCD859	2
7C057B61	2
81462B35	2
7DEF1061	1
79F61B6F	1
86302697	1
7F5900B5	1
812C3B86	3
76C2B0FA	3
82F14CE1	1
8620B2FE	1
7F4F37D7	1
7FA0CF4E	1
82AB1612	2
7F7C7BFD	1
862CD52B	2
7DF5EE6D	1
765573AC	1
78F49A49	1
7E885DDF	1
8024BAF1	1
7F12E2CE	1
2BC86AE1	1
147BF1D1	5
7A137229	1
8485B0D8	3
80897581	1
80474AC1	1
85AE67AE	1
82D3EC82	2
7F821217	1
80F461D0	3
76BF9E8F	1
8076323D	1
816F5969	4
7DC4897E	1
7FEFE239	1
7A7E50A2	3
7BC68CF2	2
7B4094B3	1
85AA8835	2
2F009DC8	1
80F614C2	3
863ADDAF	1
7CDA722C	2
0041BE12	1
7DE5982A	1
1375618F	1
81604BF8	1
7EC63273	3
0215D195	2
790EAD79	1
80351F67	1
7CE86D8A	1
86287D0A	1
60F5AEBF	1
813A8D22	1
78C7946A	3
7F14D947	2
0F928E82	1
7F55F88A	1
4B7DFA35	1
7C5D87ED	1
8457D572	5
05D18730	1
0E551BD9	1
86241C37	1
7F364119	1
811D107E	1
8060BA92	12
7DCCC9FE	1
759E4446	1
78D83CBC	1
0818486B	1
7DB6AA15	1
0DC54315	1
80A1A284	1
7FFB56D4	1
7F35F49A	1
7F32BBF7	1
80569422	3
7EA04D42	8
0C4A2D47	1
59F42148	1
7DB634BB	1
7FA371F4	1
77E64B34	2
862B5F87	2
8090FD79	1
7D0EE08C	3
7F420D3E	1
8162391C	1
7DC0BED5	1
862B05B4	1
7EF19A5E	2
7F693F4E	4
8296A0FF	3
6F6A9AF1	1
4AD15E40	2
7ECC1231	2
834B9B18	3
809EA698	1
7FFEBD32	1
7D28F2DD	1
826851A9	1
7FEA3D0C	2
8326DA99	1
7D394C3D	1
7E235588	1
0FA9D1A6	1
804AE36E	2
4C1F152A	1
01117226	2
4965E498	1
0D3D6B0B	1
7E38F75F	4
0DC179FF	1
8628C5DF	1
7C9B6A7E	1
793019ED	1
7E3209B3	1
8015A202	2
8093E8F3	1
58531385	3
131F4AD3	1
7D9FAB67	1
07611C68	1
0F9CC640	3
7E2619A7	2
8629AFA3	1
7804EC6C	1
7DE59B83	7
812604CD	2
483AC02E	1
7AA70C93	2
52826286	4
279307E1	4
7CD58F66	2
803CAA64	1
8076FA91	1
82C62C0C	4
80CB66D6	1
782D0BA4	1
7F7B09DF	1
760EABFE	1
70CF1F0B	4
7F1B1CD6	2
7D05B89C	1
8203F4B5	1
7FDB35FC	1
86295F91	1
818455A8	1
066A0F23	2
76591DD1	2
861F1028	1
7E5647BC	2
058E20FD	2
14D8575E	3
06A270BF	1
82EB1963	1
7E49C04E	1
7E9EAA75	1
0FC092FD	1
46C77357	1
7E28D7FD	1
8631D24C	1
7F211089	2
7D91E879	8
7F0D1139	2
80D143E7	7
855E3CF6	1
863AA770	1
7E50CF6F	1
82E7EC3D	1
7807EB74	4
8080FF10	1
8621A802	1
81647951	1
2B793FB3	1
80FEA685	2
7FBA4D9C	2
7F7F3D0E	1
73621819	1
11BE9902	6
7CF389A0	1
119AC485	1
82CAC642	2
7A06A413	1
79C7CCF0	4
7E3C6BF1	1
802D4B88	1
76788689	4
7EFB663C	3
7F1CED66	1
754766B7	1
803C9118	2
7C66311C	2
7DA97B9D	1
7F62F14B	1
7BC1804E	1
81495335	1
86352182	1
7E129E1C	5
82BC2827	1
091EBBE5	2
7F868263	2
808220AC	1
0EB76BEB	1
80213A78	1
86330D75	1
832DB714	3
816CF529	2
28E52A1F	8
7B4D262B	1
86329C83	1
863593D3	1
816B8629	1
863D3400	1
8629FEDA	1
840248B8	1
7DADF842	1
7E3D9A65	2
8583F66C	1
7DC9E091	2
7F80E11C	1
7C8543C5	1
863AF767	1
8637EB6D	1
7E3527F5	1
863A28E3	1
7CEDF46B	1
79AF59F0	1
7FB573F8	1
040DFA88	1
7DA014BA	4
7E1D27C9	3
8630E95A	1
7D457E02	1
8623C9AA	1
2AE34A1B	1
70D6A9E3	3
862F6B65	1
06725D61	1
811BE7A5	2
7F12B392	1
862DB2FE	1
7FD10B5B	1
8203C2A6	1
801BC7E5	1
7FB9C04E	2
7A115E4E	1
7D4D93E8	2
7CF6BB22	1
77FC3BD6	3
8483D974	1
8638A937	1
00E52235	2
807B0341	1
7A35660A	12
8626F64F	1
759979A8	1
86374BA9	1
80E7BD21	1
2963F30E	1
863AEAA3	1
01A26C45	2
8183C8D3	1
7FD69324	8
4C3EC77A	1
72CF6B00	2
7E8DBED7	1
85062D12	2
71BE5973	3
7FA64655	2
8163D099	4
862A6F5D	1
7E444218	1
7F696D1D	1
85F3882F	1
0A3B4458	3
7D95AFBE	1
7DEC46F6	1
814C880B	1
734BE7F7	1
4A07797E	2
862D33E6	1
7E5B9F27	1
86276C0D	1
7E73E885	3
7FA685ED	6
7D15ABEF	4
2982DC12	2
08231212	2
2910DF7E	1
4B58AB42	1
7E0DC80D	3
82409110	2
80CB341C	2
7FCA07F0	1
7DE0281D	2
7D8A51D7	1
7ED80DDD	2
8634FD3C	1
76FDBBBB	1
070019CF	3
8622310F	2
8573E3C3	1
7E0A33DC	1
7787F1F5	1
7B998CA7	1
7F81CF21	2
80F26A4A	1
86270822	1
780D02FE	4
86279BF0	1
0A359CC3	2
7D3B6BA2	1
7A01CE53	2
7E891FA1	2
7E94C7DD	1
86248149	1
7D3DA040	1
7EA20539	1
7EDE04E4	1
7F3B2722	1
7AE48B41	3
7EB67D05	3
7BB030BE	1
85F83C9D	1
863BC106	1
7D0F222E	1
051785BC	2
10524BA7	2
7EEC1FE2	1
8165B60C	4
7DA65BB4	1
8475FD57	5
7F410F1C	1
8108E4A4	1
81367538	4
763D978A	1
839CF0EB	1
701E1899	1
02B88110	1
8236F3D3	7
7F5B14A6	1
75B2A879	1
7EFDECED	1
164107B7	1
7D459223	2
76FEED7D	1
115FF80E	1
8138F33C	5
79616ED4	9
835685DE	1
63A63B3A	1
7D9A09A1	2
7B83AE45	2
85193756	2
863DF321	1
8292CA2A	3
6B3C8490	3
7FB750C6	1
796BD4EE	2
81DFAF56	1
8068CAD4	1
82222ED0	1
7D72BA99	1
861FC569	1
8026DEE3	1
862B18BE	2
7DA7C68F	1
86333A91	1
03C958AE	2
80D7CE98	1
84B7EB9B	1
808BDA35	1
80DC34A1	1
7D2FBDAA	1
1767896A	2
7C2ACE8C	2
817666B7	1
862D7A0C	1
8572EF10	1
103D159D	3
2752C888	8
815C4BDA	1
7BB0C3BF	1
7EEE38DF	2
85D978F1	1
7F4C502B	1
12CC9192	1
7D8BEF22	2
2C18A1F1	1
7E560A1B	1
8119271F	1
480094DE	1
2E6FCE81	1
8015C301	1
863D1C33	1
84827203	1
2A274C10	1
84EFE132	1
77A5B1AA	1
7F79759C	3
7D4465C7	1
798FEDB9	2
7E73F51F	3
814D2128	1
85496624	2
7C62CB38	1
7F59FC12	1
86224101	1
75FDDC0A	2
7672827F	5
80DF1569	2
852018AF	1
7AD76D7C	1
812AFD1C	1
7D1FD858	2
2A5E5227	4
0DE5F695	1
16353250	3
799A5AB0	1
7EA0D605	2
7595CF3A	3
14C0E9CF	1
7EE18D89	1
81718CF9	7
7D95AE4F	1
03DB03A9	2
81598A48	4
13648BEB	1
787653A8	1
75688DB2	1
7F805020	1
7D611028	4
06BB9B18	2
7A3B5B8B	9
7F6DC1F4	1
72130453	2
7DD48B98	1
7996FA54	1
7EC94893	2
804EEB66	1
85340B82	1
751473D5	1
732A98EB	1
7D9B8F46	3
4B067BF0	4
862E81B1	1
4AC50225	1
8148855D	1
7F299BFC	1
040FB9F6	1
80A20801	1
863D52CA	1
02BC9B1F	4
825722A9	2
798442DD	2
750411A6	1
774F4B13	2
7F6B7CA4	3
757AFFAE	9
7D8E1516	2
789CE8DB	2
8620501D	1
7EA6BECF	1
7FA139F3	1
86246B09	1
77666DD4	2
067D6114	1
120CD230	1
1909BE10	1
7DB7C423	1
861EF86C	1
80A2EF4C	2
0444C1C8	2
80DB83FE	1
7DC55175	5
6992B6D9	4
862D152F	3
7DD1D219	1
7BDD6246	1
83ED33F3	1
7C52AEEE	2
7F239612	1
128BFE52	2
7E876B36	2
7EBEF042	1
06FA7221	1
7D1E29BA	1
7D87ABE7	1
8456F1C0	1
59E98206	1
802A8FAD	2
00A570EC	1
27CCB116	1
863E1E35	1
00B918A6	3
7A4A92DC	3
7E832165	5
849E7C66	2
86216EE2	1
80104DE2	1
7FB88729	3
842EDF96	1
7FCD5893	1
8522D2FB	3
159F3C6D	1
0CE86C52	1
836D0209	2
7C1377C8	1
0967B195	7
834FD52F	1
7D7290E6	2
8505E6C6	1
7046879D	1
73AF3135	2
7C67167E	1
447FDF70	1
8546AAA6	3
84A798D2	3
862C2E11	1
7AD98080	1
8575EA10	1
7D438385	2
6D707F11	1
80CA1EF8	1
7C43FDA2	1
7780E1D4	2
7F70FABB	2
80AEE24A	1
7E12B14D	4
806CF72B	3
862968FB	1
8623B7A0	1
86248463	1
8401B890	1
77392971	3
8619ADC2	1
7F301F1F	1
809A71C3	1
863D0C81	1
83425F11	1
863CD7D4	1
05FF9B0D	1
7D435AB7	1
034858EA	4
8048CD60	1
7FE498D0	2
002C183E	4
7F5BB120	1
7F1741FE	1
2AAA3D64	1
862CFBE0	1
7FE5021A	1
7E58EA1A	1
7F6D6089	2
7BEF624E	1
7D9F28E9	1
7B740E58	1
7F18462A	1
786CD555	1
7F822159	1
809641F0	5
7A3EEBBC	1
80799E44	3
567BCC6C	1
7D514CB8	1
8628A332	1
29225518	12
80E5990B	1
83BA67F9	1
7EB94AC1	2
78E44379	1
7EEAE375	1
811C783C	1
852AA808	1
8074199D	1
7E8C1F36	1
7F0BF8B4	1
76C1FD10	1
7F9A4584	1
7E48C968	2
813562E2	4
8314CA81	1
7F6CD056	1
7FC0AA19	3
7D3628A6	1
80592ABD	3
862F9427	1
7E39B311	2
76D6BAE6	2
80109D45	1
7E9E6345	1
7ACD5D5E	1
79C895CF	1
06BC5DC7	1
07ACA25E	1
863A9378	1
82A3E936	1
8632CAD4	1
065DB585	4
8106D933	1
81207DCA	3
755ED547	2
80574957	2
10BE5F8A	1
80CD6A05	1
7CEF7C7D	2
2A796E39	1
86264AF2	1
817F4EFE	2
862A0CD5	1
0C4C8846	1
05F87095	8
70CDE0D9	1
80F5F3C0	1
7E33EEC8	1
09374F4E	2
862E2FED	1
663C00FD	1
8200C0EA	6
76E7D8FE	1
821DFBB2	1
7F726940	1
7AD65E6B	1
86264088	1
829A7CD4	2
081DC7B7	3
86229282	1
7DFA7B01	1
862419E5	1
828A8E59	3
7E2C3320	7
7DD25DD5	1
102B6505	3
7D96CF00	1
7DD88467	1
5A0EDD01	1
7E627C78	1
2C0CF0DF	1
76A9F821	1
862AB941	1
8628F0DF	2
7C724F75	1
7E21F68C	1
0DE9D47F	1
7A3E4787	1
863537AA	1
81BC2E4B	1
7F271812	3
7E4EA127	1
0685EF41	1
7DD9D1B4	4
56A83767	2
7C02660B	1
0EDD6A42	1
7E031AA8	1
8275B334	1
7FD15485	1
862C2215	1
7DAFAA04	1
056E31B3	1
84CAA095	2
78E56588	6
7E71CD17	5
7F740E78	1
763335B0	1
78795ADB	1
0AD4070A	1
862324A5	1
81401D03	1
7F3B4019	1
8629F2C1	1
7EDE45EE	1
1479A61C	1
863E1D92	1
84BCAB1F	1
7542FA24	1
80375D85	2
8081BE36	2
755BF851	2
863A49C8	1
8632038E	1
80166A0B	2
851036D7	1
814A079B	1
7ECE090F	1
7F1B3E02	2
80B7DFCD	1
7F2DB137	1
58D8517E	1
7ADEBC60	1
76334D2E	1
804DC89B	1
8638D7E1	1
84E16E83	1
7D96E186	1
7B544387	1
0593BA74	2
7E91136B	1
7F7E5256	1
76B24A60	1
8111643E	2
7EADAD34	11
7DAD3C6A	1
859662BE	1
66596318	1
10DB6638	3
75B4F066	2
7DC18609	1
7EEB73AA	1
65CE4244	1
7F9BADA2	1
852D44C3	2
12B05AE4	1
0590A5B3	3
00CA719F	2
824A3081	3
7A607E77	1
86163A53	3
837E5196	1
7DF09002	2
80A4DA67	1
77AE1687	2
7FAF0F18	1
808A572C	1
7E85FDCE	1
7F77A5E8	1
7DE84786	1
7E6DFF29	1
7F04E79F	1
808C1282	2
7E6BF5CA	1
8636F1B9	1
7D9C530E	3
0CA50245	1
862946BC	1
7D723974	2
7CF4A780	1
815FB4F9	1
04FD9F65	1
86337C2C	3
12559426	1
7E24EC84	1
7E21F1DD	1
863AC724	1
75108767	1
8353FAC9	4
8637D9B9	1
770007A5	2
0B0CDF51	1
78BF4E87	11
862A0E82	1
862D6225	2
80B04F42	1
19582C94	1
7E2601D9	5
815345B7	1
7CFA55E6	1
806CB6C3	1
86320E65	1
689DDFBF	1
7EEE61CB	2
0D069BD7	5
7F85F4F5	1
7E7FCDBF	2
7ED13887	1
7F148E0E	1
77A9F0AF	2
181C8E4B	3
034D5E51	1
7D079E57	2
7F92D0DD	1
7FCDA17A	1
862D2252	1
862AB006	1
76DDF59F	1
7F58A76B	3
0CB95C57	1
862FC237	1
7AD8D277	1
7897C15D	18
809F5647	1
7F26C0DA	2
813FB260	1
00FF31A3	1
664CADB5	1
82A9CFB8	3
80CC8ACF	1
7A4D3214	2
7E800C08	1
80FC5366	5
863B755D	1
754D8825	2
7D520B8F	1
7D374A9B	1
466D48D6	1
2A143989	1
80ABD70B	1
6FB6C369	2
7ED90AA1	2
7C19C272	2
0EEC27EE	1
7C01CA10	1
807EBA43	1
7D44062A	1
804EAE47	1
0A4F58D3	1
863E5C17	1
7D9744C0	1
82AF552A	1
861EFD99	1
8579E890	1
7F1FEB6C	1
77D01F0D	1
80BFC252	2
7DA5120B	1
86311FEF	1
75DE9221	1
40D25FD6	1
7832E57C	1
7F7FDEB6	1
5D6F37F0	1
82F42F43	3
7F1BE185	2
7FDD8FCD	1
85A532AE	1
7E0CB60E	2
0033388C	13
861F1795	2
7DC13146	2
81053607	1
86244D84	1
80249C4B	1
48598B92	1
85748DEE	1
7FE335E4	1
6F052240	1
7FC92557	1
7C7C4056	1
78EAACD1	2
78351D45	2
12D62D7A	1
7EFAC338	9
11374BD4	1
7F056CF1	2
7DEB99DD	3
7E7D474E	2
7FBA202E	5
85436BE7	1
7CF51400	1
062A0022	11
7AD4A44B	2
0E324BAE	1
0D6D8A14	1
60E3ED5C	1
7E3E8422	1
7EFC993D	7
7B29A976	2
7891C646	5
772C2B40	2
8453AEAD	1
8074D95E	2
8442704F	2
861AE65E	1
7F8B7118	1
77249C65	1
862CCFDD	1
80242212	4
7670DE39	1
836E6A80	1
7C61DFAF	1
7A20FD15	1
8638AB96	3
81CCC455	2
49959315	1
721EDA2C	1
7C237E05	4
7D4FEA08	1
8137CF6A	1
7D9944AD	1
10A612AD	1
7E473C7E	1
86398EBB	1
76CFB9D1	2
7AC5A678	1
7D985F73	1
863D344A	1
7FF835A9	1
80DE6583	2
7FC36050	1
862B2784	1
6C2BA29F	1
7C80A8D7	1
818671CA	1
7F0E0A0A	1
813A9658	4
808E3BA0	1
7A9787B0	1
8089254C	1
124B12B2	1
79E9E1B7	1
0E8A4E1C	3
7D798776	1
7D4D9EA7	2
7DC0EDE7	1
85311A4C	1
8638C291	1
8636CB70	1
81FC28B6	1
7A43F0F0	2
77F7AF76	2
6CCD35A8	1
863DBAFB	1
27A6C04F	2
03B5F1DE	1
0A4ED736	1
7AB9EDA2	2
5C03F6BA	2
805E0FC8	3
6C06D1B3	1
7573CB07	1
82107E02	1
7530E749	1
7F000AF1	7
44322BE6	11
7E2E520E	2
863610A1	1
828351B7	1
84D5F681	1
013E71AC	2
711736C4	1
756D2D6D	1
86236C7D	1
81783183	1
815D42D7	2
7F9B707F	1
80D583D6	1
1303C5C2	2
812F928E	1
7D161EE3	1
852677EC	2
7D2CDCCE	2
7B6AED90	1
7E05BF2B	1
862D7D34	3
8629C0A9	1
780F808C	2
76FC216C	1
816916C8	1
77B1B298	2
81994869	5
8129192B	6
848E4339	5
70B1B234	1
82D252CA	5
8053E762	1
17641BA1	1
805A7171	1
80EA56F4	2
7F150D29	1
806736F3	1
0AE3DC62	1
7E62B133	1
862A62D7	1
81268B9A	1
0F8179A6	2
77E021C8	1
86202936	1
836B47D2	1
77329586	1
7747A242	1
139DFF11	1
7F902674	13
0CCEC812	2
05A2DFA8	1
80202F6F	1
808B0CDF	1
83E63BFA	2
75745DCE	1
405A2392	1
7C35F2EA	1
7E2A9617	3
2B264E95	4
0E6B9840	2
19C563EF	1
7CC68D87	1
493BA39B	1
77AA928E	1
7AF3E5C7	2
862D8815	1
75232C62	1
7D4C1CD3	1
7D78C601	1
81EF6DF9	4
8114AE17	1
851C2DF8	3
77D1CDB2	4
0E595FCB	12
7ED89B07	4
80F2222A	1
8041DBC7	1
80F24B75	1
86281C2F	1
830926DC	1
7D59C6E3	1
7DEA2D50	2
7E761944	2
8621A23A	1
7F643355	2
86231221	1
802B6BFA	2
441799CC	6
7BE03044	5
0DD9F852	1
7B192FC6	2
815025AA	6
7A7C9DD4	1
7FF3EDEF	3
2767F39D	1
810CF413	1
7DD749B4	1
7D76E4AA	1
863AEA79	1
86335944	1
80F177D6	1
02A6A31A	1
0DEA4983	1
7D4EB1D5	1
7FDB1FD8	1
7F0B7A28	1
0A3C39B0	1
7F9F9623	1
7D1A1D04	1
8586FE96	1
7FE6B4B0	1
7FA1F284	1
7E3C1FAB	1
7B4519A7	3
7FD90056	1
74EDA1D4	6
593D6F16	1
7EB53969	1
772B958B	1
8620CD57	1
07AD1B33	5
76E9C049	1
81420474	1
7E4E76B5	1
7C6CB471	1
80373F21	1
7A15E4CD	2
7E664B69	1
7FD1AED3	5
7F769EDB	2
7E0B0E66	3
7F8111A5	1
7E50DADE	1
3FFCC84E	1
7D4BB892	1
7DD767FC	1
7FF2A477	3
844C9886	1
765A05BE	1
7FCFF010	2
801F18CF	3
7D8A78A0	1
70A58F70	1
01A41D01	3
862D6402	1
7E73F7DB	1
5D9695CA	1
86383A16	1
851A05D7	1
0E811BA6	2
7F00EA83	3
289D217F	1
863E3C47	8
0AAFC0A6	1
7CC04A7D	3
855E732E	1
754DBEB9	2
7DD07BD9	2
7AF30FFD	1
14D953E4	6
5D4D1953	1
863AB295	1
77C53A47	1
771B2C75	1
7C3DA772	1
7F19DB90	1
7BD5D337	1
84B6214B	1
8622EC7A	1
81768090	1
86380300	1
813FDDD0	4
80D70E95	3
79C8354B	2
00380FAD	3
7D02EDBD	1
862775E2	1
4AE05A23	2
7D1EC11F	1
132B498D	1
7F8FFB52	1
7F15F035	1
760C6011	1
7A1DBD6E	2
78F92076	6
8165A49D	3
7EB1B8BD	1
22AC36F8	3
76E6A9DA	1
8632BDC5	1
811B5D0B	1
1469269D	8
7EB25612	1
7668FF07	1
76F23636	1
7E525847	1
84BFAEBF	1
052EE395	1
86261FB6	1
83771017	1
7FAED2B2	4
7F936EAF	2
8145AC0F	1
863439B1	1
7D6E1548	3
2C2ACB33	1
755B6BCE	2
8536018C	4
80596AC3	3
862A1284	1
7E452E0D	1
86297034	1
6C271D8B	1
10FBF35D	1
81695740	1
81505A01	4
7716F284	1
7DBB8489	1
7D839AC8	1
86327A07	1
86312243	1
83FADD3F	2
85D5311E	1
7B679688	1
84E87563	1
1039D20E	3
59D37F5A	1
75A9357B	1
8636ECCA	1
7FD778A5	3
7FCEB045	1
804872E6	1
8118318A	1
863D98AD	1
7E340E18	1
801175D6	1
7C0ED282	1
8608F40C	6
7E325EF9	1
800777A1	1
7E36E8A0	3
8189183C	1
862F7A35	1
7F57D662	3
7F7DE882	1
79AF83FC	1
7E8875DB	4
804AB559	1
7EDB3610	1
8530C96B	1
7F34CD68	2
7DE7E100	1
771BCFF1	1
7B90DD5B	1
7E53C99D	3
7724CC06	1
75ED92BB	1
7F75E1A9	1
82888551	2
7FD476F0	4
7E6A9D69	1
7BBCDB81	3
75A9F3F5	1
85FEA1D3	1
7F1DFBA3	1
7DA119F3	4
855419F8	1
7E62E942	1
7A9443C4	1
7E2C6C7E	3
7D0CBF2A	2
862A74A3	1
7DD296CE	1
79CDA2C3	1
7C9FEADE	1
7BE1CB98	1
84314CD7	2
7E738093	1
80D2A688	1
77F438D5	1
862CF888	1
6D54535D	3
7E7B65A5	3
7F3319DD	1
84753820	2
7FC8D013	2
7E98CE7E	4
7E618A9C	14
800070E6	2
8449C5AC	1
7E0B343E	1
1429AC81	4
862483E7	2
7D978C77	1
7CB98A41	2
7D40E4B3	1
61C67E89	2
76E7FB27	1
76184809	2
7F1C3883	1
860CDF0A	1
86303534	1
7D3BE48F	2
86245004	1
853BC078	1
7BF9D989	1
81391803	5
0AA243A2	2
4F9AE521	3
7FF1EA23	1
805250C9	1
7A0600A1	1
863BD64F	1
7F725F76	1
7D2A8EE5	1
812D3CDC	1
2A40AB7D	1
7B90D149	1
7712EA3F	1
863731BA	1
7D6B803D	1
7E7493DB	3
86332332	1
7F14C7D8	1
7EB03968	1
4196D211	1
0A67E3A0	4
7FD4A0D6	1
82B8535A	3
090D05E4	2
7F7F966E	2
7E5BBE72	1
808CDE26	9
7E1EE594	1
0F831B01	1
7E0BCC81	1
7F666594	3
7EDA2352	1
7E108BF0	1
863B2641	2
863BD643	1
7CFA4DB1	1
8033D7BA	7
05078A59	1
861F687E	1
774D8949	1
815DDBA8	3
79B7FE7C	2
7D86D90F	1
7D5348CA	1
862BE37B	1
8632DF3A	1
862A3027	1
69FC0841	1
80DD94BB	1
863EF148	1
082FEF62	2
798BAE0C	2
7FF9C9AE	1
7D6E1211	1
863795C3	2
04510E81	2
073839AA	1
7EB2557E	2
47AA09BC	1
7EF6FA7E	1
7FA391F6	1
86329DAF	1
1427F384	3
7A9FE5B5	9
75EA221D	6
80B02604	2
80477583	3
86317D9B	1
8631FFFE	1
7D2D35B2	2
24024EB3	1
7DB0B201	1
7D587B4F	1
80528480	1
06B81CE6	4
7C0B017A	3
5675840A	1
805B60EB	3
7E007279	6
7CA1E723	1
219C3770	4
14134F93	4
4844CD7A	1
80E95D68	2
78D14957	1
7FEA4B7C	3
7D137604	1
7B1E2CB1	1
7D28CA4D	1
7DBA8F97	5
863EED4C	4
7FF9F5CD	4
7DFE15C5	1
7D8141B9	1
854FB785	8
759A69B9	1
7DCF5AEE	1
80125C55	1
75349470	2
7FAB30AF	2
026C84B3	3
84DF16DC	1
7F5F8FA1	1
11922A69	1
86249654	1
7D5EB79D	1
77BCA0F4	2
7F62E4A4	1
78FD3CAA	1
7DF026DF	1
8637E971	1
80206980	1
7D636D31	1
77CB4563	6
7D25900C	2
7F2AC6D7	1
66B2C269	1
5AE51006	4
131205D9	1
7FA0B4BE	4
03A88677	8
7F175863	1
7CEEC5C7	1
809B10EF	1
7FF8D5D2	1
8169BA3C	2
7EF064E8	2
2B563D41	1
79D9D0FD	2
7EEB0843	1
8635E2E3	1
0D80A751	1
07B899BF	1
7F8932A0	5
80998F2A	6
726DDBD1	3
80278693	1
8038766F	1
0D0D7A2A	3
07BA1415	2
7C4E0970	1
852ECE8B	1
81FB8581	1
75A136DE	1
7D31ACEC	3
7FF20D6C	5
04F21872	1
7E622CA2	2
8625D4C6	1
862A1704	1
76C11F9B	1
15F8DA85	1
74791B06	2
7D9FE491	1
138D3F23	2
7DBE1789	1
7F798D2C	3
77F701A6	4
80EEF45C	2
7EED5E36	5
7E458A30	1
8624AC6D	1
8634EBAB	1
0B41A852	1
052D8E1C	2
7B598BE0	3
7565E0EB	1
7FAA2124	4
7C136427	2
4AEADF70	2
7E02302D	1
828804BD	1
7FEF6661	1
02F7D51F	6
4B277BBB	1
75660ACE	4
7F5D01E1	1
76F92CEC	2
807923AB	1
7CEE3E0A	1
1459DD6F	1
86239B48	3
08432377	1
75664ED1	1
7FA4425E	1
2B233A77	5
7F46B9C2	1
832F66F4	2
85D45F4D	1
7ED88546	1
7EA3E66C	1
86286EA9	2
7CFCFFC4	2
7F8674AD	2
8213A8CE	2
760D71BE	10
77923CCC	1
861F5EDA	1
7D578224	1
77EE65D5	1
85B99E14	1
862F5056	1
7D359EC3	3
8403B3E8	1
78E5D111	3
7E4A14F6	1
07468731	1
862F5FFE	1
81C035AB	2
86375ABF	1
863442F9	1
7D1C8417	1
86285CFF	1
04F32316	1
804B964C	1
811AE09E	1
69048F77	1
7EE05CDA	1
81E49A4C	1
4060A236	1
78823FC7	4
7FDAF26B	1
7DD0E3D6	3
7EC5E4C0	1
7D7C150A	1
0B24C491	1
77C0B1A3	2
863B3576	1
81F27DA8	1
0263A2D7	1
7DA83D19	4
0B0DE87E	3
7E196EEA	3
80F94B1C	1
289B8FE6	1
7D2E7F66	1
7D8C1242	2
28C4770C	1
7F2083FB	1
7F52550F	1
7EC3BD8F	1
816E52B6	1
8616DF8A	3
8633F96C	1
84F6F08E	1
7D668D6C	2
7F286CCA	2
7F118F9B	1
7918053E	3
7A6A21A7	1
84F553C9	2
8163CAA1	1
7D851F22	1
0E9F864B	3
7F4D081E	1
7EBD68AE	1
812BCEEA	1
7E9A3B05	1
8065AE91	1
7AEAB8B2	1
753684AD	1
862A008F	1
79B8A337	4
8634DFD4	1
852E181E	1
74BE18BA	3
82F4A3D6	1
7FE940CF	2
8031FFAD	1
804D839A	1
77860FB9	1
2904825D	1
806A140C	2
86373A41	1
821F947B	1
7D2B6E11	1
7FCD8ACA	1
7DBD239D	1
7CC9CBDC	1
112C7FC7	2
7F502B2B	1
8040F616	1
7AD87A19	5
7EEE39DC	1
8628A866	1
8632D75E	1
7E98E724	2
7557C5F5	1
773A328E	6
8133B147	4
7AC77837	4
0AAC1E31	2
86216649	1
75D24206	2
85886CB1	2
7F0323DA	1
7F2F76A2	1
7F68E1F3	1
6D6D1E17	1
7F2E55F3	3
85D62513	1
08919451	2
7F8775D4	1
863E9CA0	1
7CF4E4C1	1
7D51FBF6	1
166F6CF9	2
7E6467FF	2
81F0BCB7	1
862428AE	1
7F9BC9F3	1
7DC83D2D	1
1394874A	1
8383ACD8	2
113F2716	1
8636EABD	1
1504847C	1
856F3EF9	1
7D74D0DC	1
82B8DD31	1
7F15B873	5
7DF683CA	2
09E9FF54	1
7A48AB92	2
83D87F37	5
80810024	6
8010530B	4
7AF424A2	1
80DA6427	1
7542F99E	1
7F37958C	3
78355281	1
6D943698	1
806056FA	1
7CB4AC6D	1
80A67BC0	1
85E009F0	1
862B27CD	1
7D054E1C	1
7D6089F6	1
809930C1	1
7F00E089	1
7EEB44BF	1
81742610	1
48CDB0DC	2
7FD708E6	1
7E5E7C91	1
7556D315	2
0CE4B64E	2
7D053E61	2
7A588410	1
806E2CAA	1
7E81FE2E	1
8620D63E	1
0EBED6C0	1
817628DB	1
7D4EC3FF	2
7CA52CA1	1
7F1B85C6	3
80C07751	1
7D83FD4B	1
77636BE4	1
7D03E84D	1
7E973CCF	4
813E7DC8	1
80FE45DB	3
7FAB1758	1
8638E6FC	1
7D704A35	2
8630A723	3
81FE24E6	1
7F6F6762	1
8626402B	1
762B41DE	3
09A59A01	1
7AD014EE	1
7E41AA96	1
8122D0ED	8
14906795	1
80C972A1	1
8623F86E	3
8166FE23	2
8113CBE7	4
814DA0EC	5
7E5F2E99	3
75991218	1
86322868	1
84DBEFA2	1
8629D7B6	1
7BD86625	1
7B8470F4	1
8634A26E	1
7A4FE7FD	1
7FE6A625	3
7D662EA8	1
7D420ED2	1
7FB65F70	1
80F9D5FA	2
061EB7C8	1
281C39CE	2
0386F104	3
850C626D	1
7B8F6A75	1
7D18A6E4	1
8639F8C3	1
7D2E329C	1
7D8847F0	1
808FE840	1
7F79C136	6
7D10D37B	1
7FEF14DA	8
8637B7BA	1
8635C04D	1
8144C0F6	1
7E4ABDDB	1
768BE37B	1
54F3A097	1
828AC0EE	2
7CEB258C	1
859A81D0	1
82981734	1
7BEB83FB	1
7FF5410C	1
7FF0187D	2
7DCC6C5A	8
0EF0F898	1
86281DCA	1
81A39AB1	3
7D436B32	1
7E9D0EE3	2
80492E16	1
7FD9AEA6	1
862B6DFD	1
80778702	3
86321BBF	2
8118DD5C	1
7E45E1E3	1
7E4316AD	5
11674B42	2
791BC13E	1
75A0E468	1
7EBCF234	1
0843FCFE	2
02890DD4	1
7DE9EEC1	1
78CF57D2	1
7FFDD004	3
7E358867	1
86377C35	2
7FA1DDB8	3
805DE038	1
8067DBD3	1
7B927C91	1
861F22C6	1
72ECB69C	1
814C0EA8	5
7C53B033	4
7DA7AEF6	12
7FA2CE5D	3
7F10894C	1
7F62EFCD	1
829BC4CA	1
7D92723E	1
863816DB	1
7F9A9A68	1
843B64F9	2
80461DF3	1
7EA932FD	1
06BE0632	6
805AE20E	1
07A42038	1
86380A99	1
7F151AAE	1
2B3FB6DD	2
7F5758C5	7
7DE33F18	1
862CE5DF	7
2AD3F952	1
8621F617	1
4B3DABEE	1
7699EEF2	1
7D0BE25C	1
749704FB	1
81026DC9	4
8102AECC	5
7BD707BE	1
80ED4CE2	1
7A885C0B	6
7ED4C0D9	1
776D5CA5	1
09E68C33	7
7E0705E5	3
14D01D96	1
861D8330	1
7FA36006	1
7E3C1867	1
0A828D91	1
7B2EC899	1
011899CA	1
862EAB37	1
5E5E6856	1
7BA2F826	1
76933AF6	1
790978C1	5
75F4B392	1
863D2824	1
7F712005	6
816744BF	1
4BC130A1	1
86210DCE	4
7E8C776A	2
802E9D60	1
863E284C	1
7E493BDA	1
81714F23	8
81148B08	3
813CCB78	1
7FB02916	1
863DA6B2	1
7FE3B021	4
85B2FC14	1
7F957AA6	1
025ED93C	5
8101FC80	1
7B67F64E	1
86396D75	1
807B3C4A	6
7E6B7A06	3
7E76E130	1
8638997A	1
8628445A	1
75330104	1
778A50E9	1
0E72DD69	1
80F49615	1
05215096	2
8007EB54	2
86315884	1
780F0BB9	1
29F33C18	2
8498E016	1
7F384314	1
7F3CB7C3	1
286B65E2	9
80C6763A	1
7B5FC41C	3
168A9271	1
78EA1275	1
8634246D	1
7B84D388	1
6C9FE2FC	1
86275082	1
862C9904	1
7D7B33E6	1
863721EE	1
7DF3C2F0	1
86349C7D	1
05E3CCB1	2
0978B234	1
11B5AB53	19
80A17CE6	3
7F1F62D7	1
2A18A484	3
7D2A056E	2
7D3D7DE1	1
7EA71D54	1
0DAAF3F2	1
7DBAD034	5
7E4FF607	6
8637FC54	2
862D8C65	1
7BB72917	1
8638F409	1
85A769EB	2
80A062FE	1
7C7EC5E7	2
4B6E5A43	1
813A845A	1
7D83DDE1	2
86275FB3	1
7E20B17A	3
8629EE7F	1
74979CD4	17
7D740EA4	2
6A63DCBB	1
0CEE2623	1
8047F7AB	1
84EFC014	2
7F72342C	1
785C16C0	1
7D527774	1
7AA8084A	1
0810A63B	1
8107CAC1	1
862CE1F0	1
764BE2CB	3
13C78D24	1
828C5EF4	1
76DA7436	2
7D1933E9	2
11D8A7FB	1
7E264022	1
8076681F	1
802B7113	2
837CC77F	2
863BB8EE	1
80CD220F	1
841180F3	1
7EB68DB2	1
7B179861	1
863B0736	1
0B61E751	2
805F7113	1
670E8073	1
7B6A50C5	1
18E3D025	1
7E00248D	3
7FF87D96	1
7E7D44E1	4
7DDFFD9C	1
80FFFF0F	2
7CED41D0	1
8150A4DC	7
7DC16CC7	1
7EBD90D4	1
862C8DEA	1
81E58657	1
7F156EDA	4
816B2C01	5
7A042E4A	1
0A026B1E	1
7F69C188	1
800D1736	5
7EBBBF58	1
850F77B0	1
7D755FFE	1
812E0EE4	1
85392A67	1
28F9F58C	1
8633CB86	1
86309E26	1
7B0E1F56	1
7EA6296B	1
801E1E0C	1
863B44C3	1
80CF0FED	5
7F53A75C	1
11105B94	1
791E4C51	1
7744CB9F	1
7D57A4C6	2
7CDE2F4F	2
7D371E28	3
7A662574	1
793ED40A	1
13BCADFE	4
09C9F296	1
8046E9C4	9
80B3657A	1
8065F44E	1
82E4E16F	2
80D48FDC	2
80F60076	1
7F35D768	2
81847E47	1
7E8C5319	1
81555633	3
7FC742ED	6
11B1D179	1
862D9B42	1
7C29AA27	1
863B0CF7	1
7D9A39E8	1
789993FC	1
0BB36EA6	2
8622D255	1
82CB4331	2
297DC1DB	3
813BEF4D	1
7EDBD86F	4
7D487F77	2
802F4329	1
81FFC405	1
7555B82B	2
140E3E6E	2
8632DD18	1
755C7D18	1
7B718B60	1
76B271BE	2
70992E4C	1
75D7AB77	1
807F94AB	2
85418C5C	1
86125770	1
7D23E358	1
2045F3DC	2
7C025DBC	1
8109AE27	2
79CCECD2	1
862C93EC	1
80075985	3
863814CF	1
862D0E6C	1
7B732E5A	2
8625D022	1
7F4ADBED	1
7ED8B525	1
7726954F	1
0B5E7620	2
7F9BDD2C	1
8141952E	1
78CAD894	1
79C5C297	1
75814287	1
78344A30	1
7CD432ED	1
0BC7DB8E	2
7F0F085F	1
84CD7C5A	1
80215408	1
7769F534	1
76A887B2	1
7F5102F3	1
0E18E112	3
7994B782	2
66272B33	1
794F74E8	1
7D66FC68	1
862F1007	1
767DBD84	3
810B4A93	1
7865B472	1
8092ACC1	2
84F30ED2	1
7EDE181E	4
80535BE7	6
86379948	1
7673E621	1
49E77C23	1
035981D9	3
810BDD3D	2
7B73412F	1
8053A231	1
8596E5A2	2
7E6D9CA8	3
80665AFD	1
78621420	1
846CB11C	2
7F915A33	4
253CD8C1	1
7BC61F2B	1
7DDA1222	4
768FBC94	1
29F6ABEB	1
80FEBA2F	2
813C981D	1
7BF27139	1
0A75FE06	1
81B3B68F	4
8244B055	1
2C0834FC	2
80B39501	1
7EDE74AF	1
7DCB2603	2
7B2744E3	5
7556F997	1
7D2FA44E	1
8623306F	1
7E61C6B6	2
6F7C489C	1
7F7BC6AB	1
8571F5E3	1
844BEC7A	3
862317C3	1
794DCC81	5
80DCD5F2	2
7A3637AF	1
7D059B2D	3
3D337D54	3
18BAFDF2	1
77F0C3BD	1
7CEA2F98	2
76A2574B	1
5D681015	1
5B7350A6	1
8621D243	1
7665E06C	1
7F207D7F	1
82E1C1A6	1
7FC2BE9E	2
7F06EB7F	1
78C4A096	2
83352000	1
80E851F7	1
83BE3A9B	1
7F9C040B	2
14874EC0	1
12A86766	1
7EBFD1DF	1
7D1EE66D	1
0A45FE20	1
7FC9A395	1
7FB57987	1
7FFFFCC8	5
7E18A501	1
7D732688	2
80E27261	1
75839ACD	1
0A9DAF03	2
16444A72	1
86335472	2
7C43BCAC	1
863DCBDA	1
6CA504C1	1
862592FF	1
81241747	2
852A65C1	3
7E3CDAAA	1
7ED19F24	9
8627C97E	1
7D8BC1B9	1
7F55CA76	2
8629178D	1
0E4B2FC8	2
842DFCBA	1
84C7E5EA	1
8252689F	1
441BC9BF	2
81D584A7	2
863BCF82	1
85EEA9C9	2
85BCC3AC	1
80BF369D	1
77AA0B90	1
7DE9BEDE	1
7679B6CD	1
761B901F	1
1F133AB2	1
7F656BCE	1
804C7445	6
758F41C0	1
86344B09	1
80EB7165	1
825CEABC	3
862C8294	1
4B41492D	1
7938A5B0	1
7EDDFEB1	1
7C2423C5	1
80F04DE8	1
84D4628F	2
787BF13C	2
7D0324D8	1
7F985523	2
11645C33	1
8551AFB3	4
7D93B9B9	1
7E11B26E	1
85647DD3	9
7B8E7FC3	1
7552F6EF	1
7E61C726	1
7FC3367D	1
862BE8F7	1
7FB31A3D	5
7EDC5368	1
7E2EF62C	2
4C0E99B1	1
768BACA4	1
7C7DFCA9	1
7E006A4E	2
39087CF6	1
82352BA8	1
80635248	3
633044A4	2
75A15EF6	4
1CD7A5D2	1
7EB5D960	4
8519B04E	3
7DAAE980	1
86251EFD	1
804DE550	1
77BE72D6	1
0C95C355	1
863DF62C	1
8474A92C	1
7DE45239	1
7AD226B0	4
7E8E8EF4	2
7818F8A4	1
7D027D15	1
8637C065	1
7DC84300	1
7EAEAB10	1
8383D2CE	1
80685D77	1
7E78CEEB	3
8588E10C	1
7E67ADAB	1
7D4A78F5	1
132A3ABE	5
7D05F6B0	1
7F6A64D1	1
77399207	1
09535573	2
863509CC	1
8184E557	2
3E94273F	1
0F3A10C2	1
7FF2BA0F	1
16D03F7B	1
12A8431A	1
862F6F63	1
7F61F7EE	1
0143A0AF	6
8313FAC8	1
81B6D813	1
082B955A	1
7D668D25	1
78A356BD	1
2D1CE036	1
7F30DFB8	1
86278B23	1
079E6F35	1
10FD3250	2
816CAF14	1
8626102D	1
7FECA435	2
75D91FB7	1
81D3B82E	3
7F37C325	2
7727CEF4	1
781EE2B8	2
7CE375E2	1
7BE79A1C	3
82CD0CFA	6
7923C69C	7
1218ADA8	1
863B4723	1
7F503F2E	1
8635F9C1	1
862E04B7	1
77BAA172	1
7E16380F	2
7D6FE745	1
844EAA2D	1
7F3F4868	4
5FE24D7E	1
7F8B36B2	1
7538D4D6	1
755A2409	1
809D1267	1
03FF52EC	1
76B5D645	1
79598D3B	2
811785DB	1
021BAC69	1
815258E1	1
75BF423A	1
70BD7E59	1
86394C19	1
0F5F6500	5
830E8270	3
7E9E1624	7
78611221	2
7FF3DC60	1
0FB08AE2	3
80609ECD	1
7DA9D6F2	1
4B3C6AAB	3
7E5FAF9F	1
7EDB977A	1
7D867B37	1
7E7A7092	1
79356479	1
7E76BAFC	5
78EF9B59	3
7D85E097	1
7E8C1D3D	1
7E97744B	1
80CAE529	7
2BEFE65F	1
84FEF5F8	1
404D1D95	3
7ECC33A0	1
8389323B	1
10CAFB46	2
7FDEB45C	3
805EC111	4
48A9ADC5	3
80C064A5	7
146CBF59	1
813435C8	1
861FC6EA	1
7B0B45B2	1
7ADF0EE8	1
7802196C	1
2B60B038	6
8375726E	1
80B6E356	1
7EC76D5A	1
8634D0C4	1
0D4ECE60	1
7FC8B602	4
815755D1	2
777422FC	1
7CF82DAB	1
7CF22B67	2
7591C05B	1
1210934A	1
7F770ADB	2
80E4CC9A	1
2B208E03	1
855AD3FF	1
811331FD	1
83682C1C	1
863CBB7D	1
861E3FBA	1
850DB0B6	1
723976F6	1
7FB712AA	1
862D8CBF	1
0A4CE237	3
8622B157	1
285F7C76	1
7799F1F0	2
7D63B635	1
7F0FE8BF	1
862C323B	3
8628197C	1
80289A34	1
1144108F	1
5F32C023	3
299FFE4C	1
7FA3B09E	1
7567BDDF	1
0ADE1C0D	2
78F40857	1
8625EE02	1
44A2F534	3
862F1063	5
7C004906	9
862D8D44	1
018989B2	1
7EAAC8AF	4
75594ED8	1
7D4F1E40	1
7DD793C9	1
28F70C01	1
78A825F1	1
0CDF06AF	1
8623ECF2	2
7EDD9FC2	1
187A55F8	3
7D503191	1
7FAB0043	1
807869D8	1
81A53C3F	1
5AAA6643	1
863D9901	1
775E042C	1
80C8F1B6	1
862013AF	1
862548D6	1
7EC3BE08	1
7FD13078	1
75A84B06	3
7F4FF380	1
8134CF67	1
863B9102	1
08C9151D	1
78617C2A	2
7DB392AF	4
796A2384	1
7CD861C4	1
80401562	2
8518087F	1
84E17BF9	1
7E17EC7F	2
7DA80E51	1
7D819F3C	1
862A3B25	1
863650BC	1
7FA852F6	1
7AFB5CE9	1
85F29638	1
7DA873FC	1
7A3FA544	1
7810663E	1
814DA508	1
8627971C	1
4872316A	2
86341841	1
863D4A8D	1
7B1A2766	1
0F8A8A0C	3
86305764	1
797B0E9E	1
80EADD36	1
697F38C7	1
7F7CB83B	1
78E49292	1
802AC256	1
830804EC	2
7EE374E2	1
7D95C8D3	8
8635040A	1
7F47FFAE	2
800E6BBA	1
7D1A3F69	1
77C41CAA	4
810CA0C5	3
81358864	2
06D13867	1
84181979	1
78DB9F14	1
7F190F6F	3
7852D58A	1
67099AC9	2
80357389	4
86225ED1	1
753CB026	2
7914DF57	1
80EED4C0	3
021F216B	3
772268DD	1
7EF1FE4B	1
80944F0B	1
7E0DE740	1
862CCD41	1
80D6CCC1	1
86382233	1
808B8D79	2
0FC54C81	2
7ED6CD82	1
86202372	1
7D14FFEA	2
15548B65	2
818F5DC2	3
786B025D	1
170669D7	4
759D5FCF	1
7A322BDE	2
7D8E3CB8	1
861F8F5C	1
4ACBBE74	1
81E06330	1
7E81AF12	1
803DD119	1
7ECDCF27	1
8052ECFD	1
86241086	1
84D49C9D	4
7BAA4539	4
7AE13430	1
78821BB9	1
09DA41EC	1
7E6F6DE2	1
813CCB39	1
8086F836	1
8028052E	3
7FB6B8C9	5
81159650	1
7FD4C11F	5
123D8592	1
863BCC77	1
15CB912D	2
0EDA382A	1
331EBCC2	1
7BE141F8	1
7E0C78B9	1
5ED0D6E5	3
80F55E87	1
037F9B73	1
86320DFF	1
7E69BD67	1
7FE56E53	5
815AE86C	4
29B955DD	1
2C4D1C92	1
08DC3F89	3
1A26B381	2
803C6DEC	1
7631A500	2
82110374	1
82F03C3B	5
7A61D60D	1
86230C4D	1
03F9F52C	1
7DC11697	1
800D8C66	5
18D79E18	1
7CF54553	1
85C3C10F	1
0478761D	1
7EC97CCD	2
7776BB66	1
79702EB1	1
814FDD4E	2
7D117373	9
7F764758	1
7E0C145E	2
13C7B2B6	8
7F2C1A88	1
8034D0D1	1
7EAE2AC7	1
7AF07950	5
7D8C707E	1
81343035	1
7DCF80E2	1
7A053C4C	1
8576B0FD	1
488F981C	1
86309614	1
8628094D	1
7B3C8643	4
81358720	2
0969FF30	3
7FB03B17	2
783DA558	1
7D1D8F5D	4
72C4890F	2
6767552B	1
12C1CBEA	5
7919E91D	1
8165DA12	1
8636E9AF	2
800D60E6	7
862FC38E	1
8634FD83	1
7F745C1B	1
7B444128	1
7CF792ED	1
7B46F173	1
129794E3	2
26A2B383	1
803D12D4	2
0CD02FA9	4
7EA7470E	1
7EFDDF00	2
857F1259	1
7BB7D700	1
7D849517	1
86278BAC	1
74E780BE	1
7536369D	6
29FB57BF	1
7F6E1821	1
86374FC4	1
762578F4	1
862183C3	1
8627F285	1
862F5DF9	1
7EB7881D	2
75FBAF5A	1
7E4F1064	1
7B97F3D6	1
812CE9D8	1
0014662E	1
7F1FA775	8
2C59A7BB	1
7E15A98F	1
7D3B72FF	1
6C846FE0	2
08FF5C08	1
284044B6	5
813C1D7A	2
8631F847	1
2B08726A	5
80AD1BBE	2
7D0784CC	2
801D48D6	1
7E630EFA	2
0102E902	1
12C25BC5	2
7DDE0AFF	2
86256503	1
7AAC036F	1
11726680	1
800C149E	2
8051F205	3
81D01811	2
828F7453	1
46D0DAEB	1
7E7F716D	1
76CCF50C	1
7D096B8F	4
785D6534	1
72B3E99F	12
8629F8B0	1
7DA72201	1
7CB12C46	1
79C2A7FF	1
7E178370	7
80058FB9	5
81945C2E	1
79A07CF0	2
8492F264	4
80A30029	4
80C5C447	1
7875B23D	3
78BCB320	3
77B0BA95	1
0A93263E	1
7C8839AE	1
8581ABB2	2
80C3241B	1
8071395B	2
84741A4A	1
80E264EA	1
8632534A	1
80B380B2	1
7A164899	2
7FA65755	4
86284823	1
78FE4E6C	1
8638F7D5	1
049EFF7C	2
7F6910BB	1
75D65A3D	2
7D405C53	1
7656A28A	2
85AAC043	2
023EF783	2
7FB2EFE0	2
75D373B1	6
7F3E5726	1
7E60A65E	3
78A9081D	4
80F32378	3
7F824924	1
86365698	1
7F815F88	4
7523B8BE	1
00FB5A95	2
7DFAA884	1
85629348	1
12753393	1
0F7AA4EA	1
862BE48D	1
78CBF8FF	1
7E2140F7	1
8631A687	1
7F0DBDF0	1
7CF9BB58	2
8005484B	5
7DC53DDD	1
0DAA7F54	1
765B823E	1
7C886650	1
7F85A0A6	1
8638BD57	1
7F590A63	2
8627E155	1
7F7679FC	2
7812002D	1
7F543D2E	1
7DF1BB79	1
77B098FE	2
7FB22289	4
7FB6B6FA	1
7FB7D04E	2
83B87F18	2
802DE328	1
7DCE88E1	1
1FF21CF9	1
777FAD30	2
82DDBC03	1
7672C0EC	5
79440F14	1
7FAAD3E0	5
0762AC9B	2
862DACBD	1
7CC3FFA2	1
7FA55AD8	1
8219CDBB	1
02DE970C	14
7E132FB9	1
86212406	1
3D8F939B	1
8391F606	1
7A4005F6	2
7F32EDB3	2
7F4F0532	1
8233AA66	1
590E2D43	1
7C88038C	1
7E5AA9AA	1
7DA9C9BD	15
84E7DFDB	1
7EA57644	2
7BA9A1EA	1
7CF60991	1
80ECB515	2
7D48FD21	1
141CDFFF	1
7F67544A	1
4AC51DC2	1
7D88F9FD	6
7E31BC74	1
8627D0F2	1
492203BD	1
80FA6367	1
7C0DB43E	1
7586C1FB	2
814E99A0	1
810E6D39	1
802BC2D2	1
8154F49E	1
734E4994	1
754EB9FB	2
62D108FF	1
03709058	1
76D09172	1
80E600B7	2
80DF7E17	1
112E23EB	3
7EB9FF0C	1
7CCE51F1	1
086DC613	3
7FA4C252	2
10F7C615	1
28BD5AD2	1
86274440	1
0A7AD419	1
815A7D70	2
7E05EAF1	1
81E68EE3	1
80A83427	2
77ED7DA5	2
7D39D5F3	1
7E420AE9	1
7F565216	1
7637AAC3	2
856FE13E	1
8482C767	1
86201550	2
8165B1E8	1
7D88F482	1
7D5CBA43	1
7D258DFB	1
798E4FB3	1
8635CF38	1
7530B631	1
7FE12777	3
1345BA3D	1
09896886	2
862A597E	1
7D1E3BB3	1
80816927	1
79E330CD	1
86247F6B	1
71399631	3
7BEFC948	1
7F30057C	9
80EC408C	3
7EA8AE52	1
7FB7C488	1
803F2DAE	1
77C376C4	3
4AE44191	1
8133FD9E	1
7F0B762B	2
08E48B46	1
167D7655	1
7FD24B4E	1
80844A07	2
7FA00AA7	1
81F41A40	1
7FAC6F8C	1
8568785D	1
862C0D8A	1
7940553E	1
86367595	1
10058F8A	1
78AA9E51	1
7FC6A136	1
7FF1F1D1	1
804687EB	8
86212A89	1
863039C1	1
7D24947C	1
7C8949D6	1
7878975F	1
7DA903DF	1
27B219C9	1
587BC733	1
8637AA72	1
8170694A	1
02D8E449	1
81627C74	1
7DDC3453	1
11806D6D	1
7ED9598B	1
80CE787B	2
85E69B0B	1
8171ECBE	6
80CC773A	1
862A7D6E	1
7FB20229	1
7DD40BE5	3
0EBBA9BC	1
7EEB4604	1
7E22BDBA	1
8628F4D8	1
812BE2A9	1
86216674	1
863ECD83	1
775F8A4D	1
816DBAC9	1
4AB00FA7	2
7E6B9E85	2
84BC8941	1
774DED19	7
0DB09809	2
809EF86B	1
7E0469F7	1
719D88A8	5
7D926E2E	1
85A27783	2
7FEDDA47	1
807F6D7C	1
72EBBA1B	3
2BCC53A4	1
811CFFEA	2
80E831F7	2
7E17C3E1	1
7F9B1691	1
76912522	1
75C1C9B1	1
8629C730	1
802FF139	1
0C6B0D5F	1
7E1F4C98	1
7C120AFF	1
7F0546A8	1
7D804C30	5
772425CA	1
75C38C44	1
0FF14954	3
820DA49C	1
7E5821AE	1
782324B8	1
7DE2A9D2	1
45373BDE	1
862144B8	1
112FDE1E	1
78EBEA48	2
481CE2CB	1
7F1B740C	1
6CC6BDBB	1
12AC5C93	4
12D36CBF	1
8179C5A0	1
7EFA96D0	5
814BEA81	1
7A614DD0	1
8057771C	2
862A1193	1
800FADF9	1
7FC20467	1
8038BEB2	1
7C2D6FC2	1
752A435B	1
7A79641A	1
81E2F7F6	3
7F2C74FB	1
7A1EAB2F	2
86326C96	1
09186ABD	2
836A7A40	1
7E4A3786	2
7985547A	5
75F6677E	1
86398E6B	1
808E3371	2
82CD61D0	1
81723D77	1
7F31BEC5	3
78898594	1
863A9111	1
80F51A16	1
8416BE4E	2
7E3F3FEB	5
0C341734	1
065AA1B5	1
80E8A54C	1
755E387C	2
8156AF71	1
810A9A73	1
863CD734	1
7DB9CD77	3
71CE4C74	1
7F83612E	3
00F658FD	1
8160F9A9	1
140FAF73	1
5A014DA1	1
7D96E94B	1
7FF35247	1
71E8E255	1
75AAC02B	1
7356A404	1
863CCBE3	1
7D27EE8F	3
7E8C338D	1
862EBDEE	1
7D4A33D0	5
863BD6DD	1
5B96ACAC	1
81059A50	1
7D243B7C	2
26A8D6AF	1
809A79F1	1
8070220A	2
85311EC7	1
58F44AD6	1
80AB441F	3
7FDFF2C3	1
7CADFEBC	1
79AB2CEF	2
75F6B405	5
859415CC	1
7EB49750	1
7D3EF9A4	1
1055BA6F	1
7CB37EEA	1
0218E25A	1
758C247B	1
7DC5BFDE	1
7E7CA348	2
82465DBA	1
81B39C63	1
22327862	9
7DF35031	1
8169EAFA	2
80E585E0	1
85B4B930	1
7692B118	11
7E90C012	3
7FA41496	1
80D0090D	1
7CF56702	1
77BCBFAD	1
7EDB0062	1
0EEB98E0	1
7FC436B9	1
79C9E0DD	1
05E27215	1
7E091DBB	1
80467DDD	2
7C9AD5CA	2
863575B6	1
8620EEA9	1
81209B57	2
5BBB9923	1
7F00E657	4
7FEFCA43	1
76A3E97B	1
7960855A	1
050C2B51	2
863BB944	1
0DA3310F	3
862E57FF	1
8324887C	1
7ED37426	1
855F347C	5
7DA51B06	1
01181C5F	2
72ED2749	1
825DA07C	1
863C6B27	2
4A2D39A8	2
0CF1D1CB	1
7DFDB603	1
4275ADAC	1
7E5CF9D2	1
7669CB2A	1
863A9650	1
850BC2F7	1
863EA691	1
8237BA3D	1
7FBC27EF	1
849B3686	3
851718DF	1
835F09D0	1
84146070	1
6684750A	17
02D6DC97	1
04CB9B47	1
7E4306A6	1
729463D7	1
0810FA40	1
75EA4F7A	1
80B30448	2
7A283F42	2
72C0D926	1
81176A7B	2
8325F4E8	2
7FB5A868	1
853ECDAE	2
5E53CAB3	1
84794E27	1
76F894CC	1
6FB2A171	1
862CDBDF	1
7DCCB6B3	1
79E99D99	1
7DFFB1A9	1
7F0D3726	1
7D9E6545	3
803B42D2	1
790FBB7F	1
7FFEA143	1
0EF51FDC	1
7B396510	1
751AEBFC	5
546E6EF0	1
858951DD	1
7801EC76	1
86336E4D	1
80724A44	4
797825F6	1
863C761B	1
7ED7C666	1
7924D7DD	1
7E4B4180	2
861F9AF4	1
84C7579B	2
8072AAAF	4
7D59E876	1
7E6E843F	1
776014A0	1
814033EE	1
5ADCD194	2
131AFE5A	1
8620E539	1
0D7494D8	1
7FECE552	1
7FDED976	1
5998DEBC	1
810F6BDF	1
86279211	5
70CEFE38	1
7EFEA3E0	1
82FBBF3F	1
7FC189C9	2
7F83AA45	1
862C237F	1
7D236E0A	2
7735C9A4	2
77F64D96	1
2470EC2E	4
863802BA	1
8637E768	1
77B582EB	2
7EA03983	1
806A7F01	1
802C629C	1
7DFF5F8F	1
8629061B	1
7B67ACF8	1
7E5331F0	1
862F9CAC	1
814B59A9	1
7C9A1453	3
7DC55B54	2
7F3AA09A	1
786143B5	1
813E0C61	1
863727E0	2
84A174B1	6
7F3EA7D7	1
863C7E62	1
7F1E7373	1
7D814EFB	3
862A6A87	1
855E5094	1
8625BB6B	1
2BC9C634	3
80E19FD5	5
7F282590	14
84300A70	2
85906D91	1
7D66E371	2
8172655A	1
79A2B76F	1
806D5C5C	2
7D043D09	1
7CF278F7	2
2A581951	1
84B95CD6	2
7EE6C0F5	1
81B30A67	1
80715609	6
761D56D6	2
7AAD5CA4	1
7D889BDB	3
7CF87878	1
85EA3D71	1
7FFA01F3	1
09155916	1
09C4BB1A	1
7CE84C22	2
7D98791C	1
75F5906E	1
0BEF983B	1
7B06C812	5
862A4169	1
7FE9B14B	1
86364FCC	1
7293CF3F	1
7737E6AD	1
86266E12	1
794CD8C0	1
80067C04	4
7CC4B6D5	1
7E5ED76D	2
863C2D3C	1
797BA896	3
75F1504C	1
7E81CCC0	1
80ADC9C2	2
7D868E2A	1
771D4C2F	1
7870E9F4	2
7F04775A	1
7D16A0D1	1
2627A572	1
7757480E	1
811E22D2	1
3B83038B	2
04E486BA	1
86311963	1
788CDB15	1
8358A304	1
7D09F203	1
03F36833	2
7F6661F1	3
2245AA5D	2
7E934FFA	1
8053BF4D	3
7EAA0912	1
2C464B86	2
7FFC1382	1
02AA5B47	1
27BCEADF	1
7E318566	1
82CF12F0	1
75129048	2
862EEE3D	1
7D312776	1
7C1657EC	1
7E4B7743	2
8370D239	1
489CA795	1
7944C782	1
7A0AD631	1
7378AFBA	1
80112BF5	1
7F392A4C	1
77355759	1
7651760A	1
80234D63	1
80028CAD	1
6C79E45E	1
7E15E8AE	4
0C709689	2
80FAF1B6	6
7D75D8FD	1
7DF81BC9	1
0B60FE84	3
7AA04F44	1
7FA6781B	1
7E66339A	1
7A3FEA4E	1
7F80D48A	1
7FA5252B	2
861F9409	2
84C5D8FE	1
863BFDD0	1
76101635	2
7FE348D5	5
753FE01B	1
86203E0E	1
7DFCD184	1
0F16B05E	1
7EF7B75C	1
7FDCEA10	3
7D3674D0	1
07BD0729	1
228EA31D	2
7F26881C	3
7EA227CF	1
862CB158	1
7A44348D	1
7D395345	3
80D7E5E9	2
7E2EFBEF	1
8623ED60	1
8517276D	1
8073D87D	5
7845B64C	1
863C29D5	1
7E040EBB	1
847EF67C	1
41BCAFE3	1
7F443C36	2
2DACEC7C	1
67796E29	1
80501C9D	1
81064610	2
8634A632	1
77B14273	1
862F45FB	1
7DCD8ED8	1
79D4B2A0	1
80EB4FB8	6
7CEB04A0	1
4028BC33	1
7FD9418B	5
7D1A5E07	1
7D05DAEB	1
862E9AC4	1
807204D4	1
7ED71A2F	2
7D65FD4F	1
74B44BB4	3
821428BB	1
77B2F52C	1
01447479	1
7FF2771F	2
7EE2358F	2
826BB489	2
7DCF0C9E	1
804ADE13	1
75E839F9	1
7DFF5AF8	1
809D3A48	1
8089B5F6	1
7FF8C3BF	1
288C704A	1
751EC9C1	1
7C1177AD	1
7E1CC173	5
2B15D2ED	1
86281779	1
7C385E4E	2
8566035A	3
7E06F079	2
85A10B24	1
81197C5F	1
03AD2E29	6
7D7294D7	1
7F6F87D3	2
79ABA8AE	1
7DB37348	1
3E325674	1
7E62081E	1
79F03ACA	1
85CC5340	3
7FCB1A59	6
8447F388	1
8580E388	1
8051C809	1
799F107A	2
8630C71F	1
86398651	1
7DCE733E	3
808088FE	1
81699B8A	2
815ACA0A	2
8635C392	1
8621ECF4	1
776BDEA9	1
7F9E3F0F	1
863C2554	1
804BCC4F	1
7E7F3EE7	4
826EB2FE	1
8007F5B9	1
7FB7FEF1	1
762D10B3	1
7B424E57	1
04589BB7	1
812E560B	2
7EA73846	3
7D90E1AF	1
84B62C1B	1
7D2E8AF7	1
08EA1C85	1
8143DF59	1
2A0875AF	5
831D564F	2
2D04235F	1
78F8F93A	2
8008D826	2
7D2ADD37	1
7663AC81	1
8092A5C2	1
7E1B3BBE	2
81E112C3	1
77D1FB2F	1
85DC3083	1
81219EBD	1
133B5FF4	1
3B2A5DB1	1
7DD3773E	1
805210AF	1
6CDCF1B0	3
8295D304	1
04112F50	4
8141F5E3	1
84D99FC5	1
7878B543	1
756F2DA5	2
8161FBCF	1
778C7BB8	1
8639AB60	1
805F4D6E	1
86397E73	1
863AAC44	1
842A862D	2
7EAC7E04	3
863BFD6A	1
8014EA65	1
816EECE2	3
39D512FB	1
00F3A6D5	3
78B63F9C	1
7E9CA02E	1
8621E512	1
7EC667A5	2
7CFAF8E2	1
7D3D090D	1
7E4BE5ED	1
7DACC8FC	2
132C4EBB	1
7F812913	1
7CFC6DF7	1
816E6214	3
02A2D2D7	1
85248966	1
7FC11547	2
41B4732F	2
7D8406C1	3
7EB059D8	1
7D996425	5
75D9986D	1
793BA236	1
000ED73B	1
7560C4FA	1
86271E9F	1
7F427DAD	1
779B164A	2
80A66722	1
0EDCBBBA	2
0C31A4B8	1
8574A2E1	1
283C1397	5
0C05FBB4	1
7F2A2C0F	2
5E25C9E7	1
816C598D	1
75438DFF	1
8623C604	1
76BD2D29	7
8636FA31	1
7A78D396	1
7A0E0840	1
7D3DB574	1
79DB40AB	1
7DD3C0AD	11
0DA24217	1
7F17962A	1
7F026AEB	3
777E1FA7	4
3B673D5B	1
814581DF	1
7C98331E	1
8178DC00	3
759F8D1B	1
7E7C871C	1
796F5EFF	1
78293469	1
7FAF88AE	6
0B21284F	1
7B105673	4
78E1977F	2
11385D83	1
0DFF61C2	2
827B2CF2	1
760D9386	3
788DA67C	3
3C2A8E03	1
853B23EE	1
7F824865	4
80DE9B93	1
1234BB4C	1
820A7283	1
7F5EA416	2
863E2CAD	1
754EFAFF	1
7F226E48	1
7F204ECD	3
78AFCB14	1
7D1E5F99	1
7BE9DF1E	6
7FB08BF7	1
7E1250EF	1
2938FED0	3
7DDB7969	1
8621C43F	1
84F45364	3
01069BCE	1
8577217A	1
7893E1B8	1
7DA63A8C	5
7A718F73	4
8638581D	1
78BC78AD	1
1321F13A	1
7FE23E37	1
7DD70164	1
7EE1FB1B	7
7D660019	1
565232E2	1
760F715E	1
7F3DBFC3	1
8632765F	1
83C75E8A	1
7D99CAD0	1
85427060	1
0DACD6EC	1
14A98640	1
7E06990C	1
4A1FE5E0	1
615A052A	4
8627277C	1
790E6029	2
58676BEC	1
863AC808	1
7E58B9C6	1
7F25D956	3
7F10090E	2
7EBAA7DA	3
7D517258	2
863D1178	1
80CFD6F4	11
7C25C172	1
7EF94894	3
0A80ECDA	1
7F1F3F6D	4
7F781A23	2
7B6D091B	2
7F52AEBE	7
7D0473CD	2
863D7FC5	1
863CB1F3	1
75D748DE	3
7F5C10B8	1
7A9DD708	4
7F1EA0A7	2
7D3C3BF1	1
8627F1DA	1
8627A9E7	1
7F771190	2
7EFE402F	1
85E942B2	1
800DD778	1
7FA19C6D	1
846DA748	1
7FF41EA5	1
8149D6A7	1
86304B9B	1
14E88A66	3
7D232084	1
6BCEFF2B	2
06000D4E	1
80E0A7F5	1
6C11FC44	3
8622B8A2	2
7F0C8028	1
7B4507B3	5
7FD51D59	1
7DA3E11F	1
7D3F54C6	2
85095040	1
85F3F8D4	3
862951A7	1
807B3A67	2
561D17BC	1
4E165919	3
7F511615	1
810F2B1A	11
34E296B4	2
4A4A469B	5
07C8A994	6
863E3297	1
76344690	3
758D7E8A	4
80833860	1
03251088	2
7F69F352	4
14D24D13	3
7E4D109B	1
80959B4E	2
759F7651	2
7A35E767	1
7E1E6F11	1
779627A4	2
0002CC7E	1
82E4A403	1
17DD376D	1
862E8AE6	1
12A03C06	1
862F5409	1
06B02E6A	4
7702B5F0	1
84F4F82A	1
48B1B816	3
7F9B8813	1
7DC91DD7	1
7F3CE566	1
0C169AC5	1
4C7FECD0	1
0595EE28	3
7E7250B2	1
19635BD8	1
84E1CB2E	1
2A4BB6A7	1
72975BEF	1
86241234	1
862607C0	1
8126DFC0	6
80758B34	2
7D92D255	1
862C92B9	2
82A8EA61	1
83F22CB2	3
8033E21D	1
7FD1DC8D	1
816681AE	3
4B455145	1
843514AE	1
7F69E809	1
01573533	3
8089E2F3	1
28F61B00	1
3CC13982	1
7EEBFB31	4
85145F64	1
7F962273	2
8631CDEE	1
7E385C47	1
5E512381	1
8638FA8A	1
8638DF9D	1
7B219422	1
7F98C47F	1
0F91CA6E	1
76CF872D	2
130B9D19	3
6E64F9A0	1
8164AFED	1
86293DF7	1
480BFA9A	6
805898C0	1
3E0E7B5E	1
7FA9B7AA	1
79DB361F	1
8064E3BA	5
75D3DF26	1
8138B054	2
1409B18B	3
0DA42DE7	1
01EA4EB1	3
81011651	1
7D9429BC	4
86318664	1
83F2AD67	2
7D6CC6A6	2
7EA49BC1	3
80791C63	1
2BBCE213	1
816166D4	1
7ED13013	1
7903B67E	1
862A1E90	1
68CD22F0	1
854F12BA	1
559174D4	1
7DD7B6AE	3
80D6C157	1
804910C2	1
817431D6	1
11F66C79	2
797B445E	1
76BC3F46	1
862CD22B	1
7BFA2D13	1
7D640004	1
77783616	8
8621C5C5	1
8623C3FA	1
0EE8BB0C	1
81453BBD	1
7590DF1F	3
863CB0F4	1
7F08F36E	1
2BF5D1D9	1
8627A5CE	1
7EBA5E13	1
7D8492D6	1
812085EF	1
7DEAC860	1
036E99C7	1
7E233580	1
02862CD6	1
0ADA1BD6	1
7AB963C1	1
7E422709	7
7D3B84B9	2
7D5437A4	1
7570D68A	6
08BCB047	1
8624798E	1
7F9304C4	1
07C07A58	2
614B8811	1
047DDB86	1
145F3FA3	1
7FEA77D0	1
01856C4E	1
7B6426D0	1
805FD61F	4
7E492F81	1
81234C20	1
67F5660E	1
48DBD042	2
83EB56D4	1
830B9E42	3
7FD60AE8	1
7F2E5E6D	1
7ED60080	1
815E970F	1
7E897E2A	1
80A31271	3
0CB1BCB1	2
7D83B64F	2
0434781D	1
7F9FF07E	1
86259209	1
8107A1D6	1
7BF05FC0	1
79866634	2
61EDAC54	2
7EE76C8E	7
830EC394	2
7DCC44B4	1
7F1EC232	3
7F48F6FD	7
86309A7D	1
77D83616	1
7AE643DD	2
7B877F72	1
09370F09	1
863EF51B	1
857C14EA	1
7A95746F	3
02064835	1
7E414F48	1
82A199EE	2
75C92B32	1
0CBD5F22	1
77C1561C	1
27DC09A0	1
7FB25100	1
862AE4E5	1
7FA0A811	1
7A7E1848	1
7EBA634A	1
793118D9	1
84935D80	1
8166BD36	1
802C98DC	2
3E15411C	1
7FCA1138	1
785563AC	3
7BA58719	1
0B8C27C0	3
7B63A042	3
55F1438D	7
862A1367	1
7CE6191C	1
862F46ED	1
7E1CD78E	1
812AE1CF	1
7FE43738	1
5DBA426F	1
86243AB2	1
79D6C989	1
76420E70	6
80E714F9	1
7DF27B20	9
7E144372	1
80E45A2B	4
86281AFF	1
8074BC95	1
7D819FCF	2
7CF18F96	1
8635FF30	1
011F2B39	4
7907FBC8	1
69D73749	1
7418C881	1
11382CE7	1
0121C9DD	1
863C07C4	1
78724402	1
8631344C	1
7D3E03A4	6
7C70ED1E	2
862C27BC	1
7AE6CC00	1
7CFEC6ED	1
7DE9D840	1
7F16FF6E	2
753EC1F8	1
80A8E3DD	1
75B1ED97	2
7E97B230	8
8363AC79	1
819BB09B	1
12E27F44	1
83A91862	1
819F56C2	1
86284D24	1
559C612C	1
853C7F56	1
863341D6	1
83D90A90	3
86337DFB	1
7F7E192B	1
0153642D	1
7E9566D2	5
07418B63	1
7616FE0E	1
7C75DFF7	1
29FDF331	1
6CD989AE	1
848F1515	1
8624035D	1
767B2D12	1
7F6235D8	1
8043DA10	2
7E0ECBD9	1
77B13F41	2
8622C5E9	1
7DFF7DA4	1
7D7CBB31	1
75D69ADF	2
8521729F	1
7A995517	6
09664310	3
82ADFD66	1
79648B87	1
861F87D4	1
7D8EBBA2	3
79588AAA	2
8156387D	1
7FA56550	1
7E3AFA7D	2
14BF712B	1
2A1654F7	1
861FFB74	1
7B7D1232	2
6F6954C8	1
80920B80	4
7E6CE841	1
86330A06	1
7BA6D9A5	1
7F5C764A	1
80B3C49C	1
81BB6D55	1
4270EC22	1
80E09B1D	1
7AE9155F	1
85B4B160	1
153BC4DC	1
7E163D71	2
86211906	1
86261A9F	1
7D2B8061	4
78E0A5E5	1
14207605	3
8629760D	1
8042FCDD	1
803EF01A	2
0E96DF1E	1
8070D8B7	2
863C0C74	1
8011C608	6
7F953BDF	1
0C0ECD96	1
28604F10	1
7E320729	1
7E0C53C6	1
5AB37A8E	1
8058947F	1
8500DD1E	1
78B4AFE7	8
0CB38E17	1
7FCDF857	2
863B70B2	1
8356006D	1
819B2CDA	2
80FA161C	1
74C47363	1
04E0241F	1
7D8AEF7D	1
863DD623	1
7DC5EB22	1
7DB673F9	3
7D43C518	4
14D8E559	1
7DA9490F	1
863B1195	1
7FDB6ABE	2
7F9F012F	1
7C344CF7	1
7F5EB8A6	1
07640768	1
7D0D9E21	1
84FF973F	1
7EFF613B	1
7E0BD357	2
86225E9A	1
8131280D	1
7D6DC5C3	1
7D83740F	1
83895AB4	6
7A23EC55	1
7F019D4E	1
7A51E8C7	1
7FA03E88	1
86201413	1
8159D3CE	1
7FB02270	1
862E6F1E	1
7AAD2D18	1
7D89216D	1
796C5907	1
7E8688F9	2
0B151C99	1
7EB915A5	1
7FA16B45	1
7831E6BC	1
51AFD2F7	1
7DD0407E	1
298EAB41	6
862B527F	1
7F46BDC3	2
841A3F11	1
7D8319FB	3
12E7D73F	1
7EDCAEA1	1
7DB61C4E	2
80EB81C0	1
102DC514	2
80DF18F5	1
80DE5E4D	1
7D19ED71	1
7EBF80F0	1
862BE409	1
5E73B78A	1
8015139D	2
7E17F2AD	1
2493BB28	15
7EC73DE6	6
8626B75A	1
834BD742	2
7D3C078D	1
734CF831	5
61117170	1
808CAA20	1
7FC5CDFB	1
75F4CFBB	6
6A901766	2
7E9AF0AA	1
7D0F8AD1	1
79876021	1
7E18305E	1
7FDFE9BC	2
80F5BB95	1
7A1F54CB	1
827F4CF4	1
86288C23	1
863C4A93	1
7C6200C9	5
805C5450	1
7F5780A8	1
80E1978D	2
80E89B5B	1
837989A7	1
7D3395F0	1
7A39755D	1
7ED09EFE	3
7D48F45F	1
765163B7	3
7DF04DE4	1
75B685FB	1
7E6E0C4D	1
04C5EBC1	1
8623BBEA	1
0464E856	1
73E423F1	1
84B355AB	2
0DED84E3	5
81945CB5	1
815AAA20	1
7E6015A5	3
7F5EB3DD	2
7C359002	1
837BB059	1
811B187D	1
7DD1FD7B	1
82F028CC	3
7C51757C	1
782E5728	2
79FC7641	10
8563DCB1	1
80F75D93	1
83F84E85	1
7C658821	1
0808B147	1
774435EF	1
8515211A	1
853E902A	1
7EEAFBD7	2
8176AC1D	1
7E04F5BA	1
80C10C23	3
7CF3B0AF	1
15F868E2	1
77F003F3	4
80377837	1
762ECB32	2
11654361	2
70F41C7A	1
7CEAE59C	2
79002E39	1
818FA545	1
5AC97269	1
86212044	1
7CEE9D5F	1
7E86F2ED	1
812983CF	2
800A6620	1
81187704	13
5E49371D	1
7DCF6234	4
8174E472	3
7D5A0E82	2
7FE7388F	1
4C5B6B29	1
863700CD	1
83100289	1
849C8D3F	1
5DE63AF0	2
79634CD9	4
810FE827	3
7DD1B583	4
7E57E1FB	1
08E07A96	1
7BEA2E05	1
7DA4C5AD	2
77A06BB9	5
7E67FE62	1
8622A871	1
14CB26A7	1
86319DBE	1
79234FB6	8
86399C9E	1
7EE4E929	1
80E69EBF	3
803E698C	2
863376ED	1
80CE54E7	1
06998C78	1
7D63F4DC	1
83E7D5D4	1
802AD624	3
7FE0F755	1
107345B9	4
00E3F1AD	1
806D4836	1
7E7C98CF	2
85E59216	1
7D619403	7
862268A4	2
856276AE	3
86355E77	1
86264100	1
822A9C49	1
7EC44286	1
7F743112	1
7B71AC07	2
6C6AFB32	1
0B3BB7BA	2
8042ED51	1
76D35498	2
7F748491	1
86356E91	1
7EEDB151	1
803A0D44	1
78B45A73	1
7D01E4B5	1
719E7130	1
8056906D	1
8063A02B	1
7E72D808	1
7ABB753A	1
77EE39D1	1
76EFF5A9	1
10012772	1
860A1597	1
7EB68345	3
7A7428BA	2
78532778	1
86257F46	1
863E2CEF	1
7D1D6CF1	2
7A72E246	1
86221606	1
80901FDC	5
5284A6FA	4
80EF3B8F	1
76F59A25	1
8009FDC4	3
863BE1DF	1
7609978B	2
137439F3	2
802B9CA2	1
7CD45466	2
130B1DA9	2
85FBF5BA	1
7A8FB26E	1
78392BC9	1
861FD2A4	1
16D3D0BF	1
85A120B9	1
7BB72860	13
7E783D3A	8
79B79B4F	1
0529ED52	6
0D1668A7	1
81DF83F6	1
7B70D6CB	1
7581CD3A	2
05FF911F	3
0CB274A8	1
7F286E15	10
7B8111CC	1
7F35D021	2
7EC6D30A	1
2B7CFB47	1
7FD83BD6	2
861FB086	1
85AFBA2A	3
7BDFDEBC	3
5ED79927	1
80CB6EC1	1
7FE8188F	4
7B259FC8	1
790F2038	1
74AEBF96	7
83780B8E	1
3796077C	3
81433E16	1
8111A701	1
809D0878	1
84C20138	1
7FD2AD58	1
863C1A3D	1
7E644461	1
7EA21167	3
021DD4E2	1
7DA7A581	1
811EE3E2	2
7D89E55E	1
7D6AD559	1
8010BF01	2
0AA6AAF7	3
862052D8	1
05D0859A	2
7BC84EA0	1
6FB0016C	1
778B27EC	3
09463C65	1
0DB4D7F2	1
81280809	2
77700733	7
7D21B39E	3
7CF70312	3
86263B0B	1
0E2F9F5A	1
7802A292	1
7D777133	2
832B0C84	1
7EB9AA3E	1
7A13152D	1
03CFAC20	1
7EB8CC2A	1
809A01E6	1
7D2E9392	2
7FA2FD26	1
7F89D09C	2
7FD37FCA	1
80FF3FEB	3
5C3F95F4	1
862FF66A	1
7F5C7EDB	1
8491B311	6
29A10487	1
80B39EFD	1
7FE48D49	1
8169D979	8
7BC66D5E	2
7E1E5945	2
466FAA06	1
051D0311	1
794FB019	1
8621FBD1	1
6DE8A6CE	4
862B8C2B	1
86209626	1
7F8C0518	1
7DAEDCBC	1
262C4DAD	1
817588C1	1
76E4B3D2	1
12F2969B	1
7D2A4D2D	2
7C2A1354	1
7D0CE56E	1
76542C0C	1
2BC48826	4
7E2E0724	2
7FAF74B9	1
8079F88F	1
7E94CD51	1
78AE8661	1
7D811251	1
7DFA670F	2
5A28D430	1
796AB96D	1
7C80C2EB	1
7DF2187B	1
85456B8A	1
77BBE31C	1
80668F43	1
7B6B8192	1
80A1A104	1
81513085	1
815F3536	1
77789B73	8
28CCDCDC	1
861FCA15	1
7E049AAB	1
0C79BA59	1
849B7986	1
7A7797E9	1
86388547	1
7F4F84AD	3
8634CC07	1
7EF6DFBB	3
80241641	1
7E1A6EAE	1
80E8BAF3	2
8633BC65	1
863E155D	1
79B52D2C	1
7E61EBDF	1
81249232	1
02574CA4	2
7E468250	2
7D5785F2	2
7F1C60B6	1
757115FC	1
7D1D091E	5
78619994	1
740361D3	1
6562EAAB	1
8636A490	1
7A393F7E	1
067DF179	1
008A0F39	1
86206B06	1
85772717	1
7A86625D	1
863304FC	1
77C57BD5	1
84260272	1
7FEAF200	1
10DFDDE2	1
7C5B316A	1
7D8043CC	2
75900625	4
7291EDCB	1
8035D098	2
6E49BE1A	1
7FFC387F	8
7CF8B74D	1
5DF54447	1
7B5FFBC3	4
777984F0	1
7E54ECF1	3
7C2794A2	3
86283D39	1
07744202	1
7F20686A	1
8561549C	1
3FA7D99B	1
7826B34D	1
7F4CA4DD	2
863820E7	1
816AE741	12
78803412	1
7F83F113	1
85E54D3C	1
7D6DFD3D	2
7F6421ED	1
7F234CED	7
7C839963	1
8166E26B	1
7C048807	1
7F957121	2
862F26D7	1
0572CE7B	1
7F7D2F70	1
7EF4EE55	1
837BA29A	1
7DCDA91C	1
7EC5D9F2	2
76B2D101	1
8113A084	6
7AFA18B6	3
78E9BDBC	4
76987F82	3
7DBF3434	1
7F233093	2
861F3B64	1
7DAE53A4	1
75981150	2
7FAAC4DF	2
27736FE9	1
0C553739	3
7D6B2198	2
7B8544FB	1
7F31CF50	1
06C32B00	1
7A05C016	1
86212206	1
79A8A5AD	2
79E440F0	3
862ABAF9	1
5624DBF8	1
7DA70D1F	1
8637D9D4	1
6BA62A0A	4
84D77563	1
7CF894D0	1
7CBA6EEC	1
7EA54DEE	1
861FDFA8	1
83830D9A	1
79838165	2
861F0BF5	1
78361CE4	1
461DD75B	1
311655DC	1
76FEA7A9	1
7D5A8893	5
8620CCCC	1
21B7FF3B	1
863B5246	1
803AECB1	1
7A18F764	3
7F35E149	2
7D10DD2A	2
09B3F5C5	2
8622D641	1
849A0754	3
80505117	1
0BB70FDC	1
8032D24C	5
7DE61F96	1
7DC3F744	5
06276125	3
7F6A74B0	1
8625440F	1
80D33B6F	2
7DC55D31	5
76DA96FA	1
8513D86C	1
596740E3	1
8140BC1B	1
81366AFE	1
7BD4DC6B	1
7E3CCA31	1
86372B2E	2
862D8559	1
8071D307	2
862BC4C7	1
81437FDD	1
86370096	1
862C266F	1
782B3C32	3
65E71D27	1
7F4EE95A	1
80B1B184	1
152DEEC8	1
862390C7	1
775D64C5	1
80D44EE1	1
7EB5EA65	1
64634705	1
0160C00A	1
7E7E15AD	1
80DF0D4C	1
7FA25DB5	7
7EB9E095	2
79CC2BF7	2
538A2B5F	5
7ACAAD8A	1
7DB7BC78	1
14187EBE	1
862BAD9F	1
80FF8D9C	2
863B9C7A	1
7EBF6840	1
09584ECB	1
76DB6AE3	3
7E8A01BC	3
75AC43C2	1
7FC53E11	2
6AABD182	1
86246C98	1
828E3A8A	1
7790623C	2
70DECFC2	1
174F3838	1
81E0A5F3	1
7C66CE3E	1
0FD08C8F	2
86364C2E	1
6E4732D8	1
1143B64B	1
04E39E80	1
80B03C19	3
85305FA2	1
808893EC	1
62E283EA	1
035C54C3	1
86233DD4	1
7CF0B6AB	2
7B90711D	1
84B27377	1
8565761B	2
7F85015B	4
8305471B	1
8283E95F	1
863C9329	1
810897C3	1
1019D465	1
863519CA	1
7EA331C0	2
7D7F3D09	4
80B9BB1D	2
857944CC	1
7DF3E827	1
82643E88	1
7D236CE0	1
8534D9E5	3
7F0E7D9D	1
80D6ADEA	1
78E1FF09	1
09C0C8F6	1
7A6EF716	1
10FA74C8	6
7945E628	1
83E9AEE5	2
06C0DFE0	1
1282A815	1
86344FA2	1
86263644	1
79FE7D9F	8
80025CDF	1
86263319	1
08318375	2
7E0ECF64	2
8005B40D	1
754079A0	1
7ECD3DB7	2
74BCCA68	1
834315D4	3
8442280C	1
81C68639	1
100910C8	1
807DE1DB	1
794CEF4E	7
7E1393B4	2
0F3FF4C1	1
7DEE0CD1	1
8633F097	1
71A0A4D0	1
80D74D5A	1
773142C2	1
84AACC93	2
77960A6B	1
7EDD42F9	2
778FB32E	1
7CA6F5C0	1
7BBACB7A	1
758BDD25	1
7A1738CB	3
7ED7D2EC	1
76A082C7	1
80DFE3E8	1
7F29C266	1
7B3998CD	8
757FC4E7	4
7FEF5CB3	2
82A30E80	1
12BD1563	1
7FC0C195	1
82E7D754	1
6CDAD1BE	1
7CEB496A	3
7FD14F32	1
7F088F8E	2
8360DDDD	1
7D09561F	1
7D2A61E8	1
76554F61	2
8623974F	1
0078CD06	1
43206DAE	1
7F7E13AB	1
72C75759	1
1490A4C8	1
11B8D2EF	3
81527772	1
0C394EAD	1
04EBD638	3
476353C1	1
821811B1	1
5B877C50	1
7859B357	1
7FA35757	2
7F11C1CF	1
817E63BC	1
833CF654	1
85032DAC	1
7C859F58	6
80DBA85D	1
57BAD4EC	1
1030B88F	2
8638D9FE	1
00390DF9	3
7E3C42A7	2
7D4773A9	1
7E2A3F94	1
862796E1	1
860B82E7	1
85B51B51	2
77F0CBD3	1
4BAE85E7	1
8624592E	1
86299128	1
810D8D4B	1
751AA61A	1
445E348A	1
7BFF4703	9
0B24D2E5	3
816E3C80	4
78B7BBC0	1
81567D94	1
863D3643	1
7E03B8DF	1
84B60F33	1
03A89E0C	2
7F87030A	4
7D405C9E	6
85B0D973	1
7E70CEA7	1
7C9C1930	2
7A9C3453	2
7E1AE5CF	2
7F4106F7	1
7FBCC9EC	1
8037CBF7	1
81173153	4
5D8719F8	1
27C029A3	1
7F966059	2
7FAB3CE0	5
81489CF2	1
79341AFE	1
862907E8	1
82A6BC58	1
86332CD5	1
74D8F6E0	1
80C22624	1
808C2468	1
7D7D96C1	1
7D8C2400	2
804045DC	2
79F6A1A9	5
5CD96589	3
7B4B1756	2
84FA6549	2
1447FE8A	2
8633428B	1
752DDE75	1
77152204	1
84D1C3C1	1
8632E8BF	2
7E670D17	1
86300AD1	1
7FD616EF	2
7D498859	1
81E2A9B0	1
86351E4F	1
7E00B722	7
7ECD328A	2
80232A33	1
7F7CA17C	1
7744E2CF	1
80F65520	1
6E18ECB1	1
2A08453A	3
79A0CA1C	3
7BA27365	1
7FC7F730	1
863A2EDF	1
810AA995	1
07C2B543	1
7F7665BF	1
7716B7B9	1
7D502725	1
85718CE7	2
79ADF24B	1
7C39302F	11
78399F15	1
7CA20CBA	3
7AE32F77	1
7DEDFF2D	1
863883AB	1
82FAB06B	2
74976BFC	1
7AE663E5	2
7C3EAAC3	4
8620C57F	1
59E07872	1
7E7A92FC	7
8086354C	1
86292FE7	1
863782E9	1
052AAD76	1
01129A99	1
8119BD85	1
86269353	1
81BDE619	2
28B672AA	1
7DFD623B	1
7D8A73C1	3
862199F7	1
80F3710D	1
8631E195	1
568B83D4	7
8181B76D	1
8534DD9A	1
80A5E335	3
810837AF	1
48BDEBD8	1
737D798A	1
7E9129FD	1
7A2A3AFA	9
7FDC2DC6	1
7FBC5D32	2
7DC9D280	2
85A63C6F	1
7CEC61D1	2
0173FB89	3
81221A80	3
7EFFC398	3
81E0D89B	1
7D406158	1
054590EF	1
7E8F965B	2
863E32BD	1
7D805F13	3
85F41BE6	1
7697E21F	6
8042D968	1
10B9B80F	8
8213C881	1
7E59D4BC	1
786BF2EC	1
78C30E37	6
8053EF90	1
86330D67	1
7D73968A	1
7438A01F	1
7D02F131	1
0F62C83C	2
7E337621	1
86218659	1
7DDD59B1	1
7DC8BA96	1
7D3E3AB6	4
80AC8D28	1
842BA32A	1
810ACB90	8
0D2BBD1D	2
079A902F	1
7D9DB923	2
809B235B	1
77578115	1
7F86B287	2
7784FD70	1
75252AA9	1
847C3560	1
85BD8386	1
7E1C07FD	1
854586E7	1
7A016DD4	1
7A300922	1
7F907925	1
75EEADC0	7
79D9BC89	1
4B2CF338	1
7CFC590E	5
7E7F43EE	1
7DA5F6B8	1
05589D0E	1
7F01CD3B	1
7B73A57C	1
804EF7F4	1
7D08003A	1
7B596B92	2
75F19A36	1
7CF30FAC	4
7F2FD1DF	3
0815992E	1
862762D3	1
7F806130	4
7AA35BDE	4
812C1555	2
84E4C651	3
7FB055F0	3
11187C41	1
7E3BBB18	2
858FE5BA	1
1705D734	1
7F0D87FF	1
7E35A827	1
82B33CB0	2
8635057F	1
7ED69B2C	1
8483C39D	6
7E4A185B	1
12F299D0	2
803CE8F7	1
852CBFCD	2
85D9E0BF	1
791F6BEB	1
7CB18E77	10
831A742A	1
862220D9	1
111DF088	1
7D5750B1	1
7DFE7C77	1
79AB5AA7	3
7CBC599E	2
8193C192	2
750B85DD	3
85484AA0	1
80C18746	2
7F65F1C8	2
82E7B48D	2
7DEBBD37	1
0A85222E	5
777E57A8	1
142D3A61	1
7D139DA9	1
862C4461	1
80E3A12E	1
850B7FDE	12
7A7A6754	1
00B66D7D	1
8114524D	1
4BD7C48F	1
86231B48	1
85E81283	1
85255F51	1
7E9F5272	1
7CC8C268	1
0512E53F	1
86365945	1
773C9875	1
7DC4E9A8	1
0A45DBD9	4
8166112C	1
7F437F59	1
86293921	1
7E500149	6
78514C62	1
7B682F36	1
5DACFA09	1
7D02BEE8	2
77AC0083	2
7AC91882	1
7606CC7B	2
14362C69	1
86232F08	1
2BEEA80E	1
7F6D56EA	1
77A510E7	1
0C8CAE2D	1
8125970C	1
8638F7BE	1
2B599B07	1
75741F6A	2
7E9D02F3	5
7E372B75	1
7DD32DD7	2
86398954	3
7DA331B5	3
8631B1BC	1
80BB4B76	1
7263A630	1
7FDA791E	6
7FB4785B	1
75386708	1
8121502F	1
8637BB0A	1
7F3DAECD	10
751FB764	1
86248153	1
8635B238	1
81007AFC	2
808C2148	1
0976654C	1
6DB9C616	2
4814099E	2
8302F141	2
803AE427	1
8621D286	1
794E06CD	5
76224010	1
3478C79F	1
7F4518DA	2
0B154B2B	1
76CF186B	1
8634DC5B	2
4230BF54	2
7CEE988B	1
7F125B2C	1
81C3EB63	2
8630FB27	1
7660343E	1
7DD9DBAC	9
18360E70	1
7FCB9907	4
7D1071BD	1
8426CCBF	1
33A85C84	1
5779A027	1
7F51C75C	2
85E4FCAB	1
79CC4254	1
7BCEEE1F	2
2915A29A	1
7CF9EBD1	1
16255BC4	1
78F9D311	1
7FA32E73	2
862FDDAD	1
8177F322	2
79F10602	1
2EE7A5A8	1
187F1625	1
8579C8CB	1
80F68F2B	1
8458F80F	3
80B802AA	1
833A804D	1
86364492	1
7E5CF6EB	1
80A1773E	4
103A324E	1
7B3402B9	1
80C85A18	1
77997A3C	2
7FA477A0	1
7DF9C636	1
85C1E597	1
782F63B0	3
7DFDDF15	3
7760382F	1
103DBE82	1
14753047	1
81568B18	1
7DBED431	1
788AF068	2
7D873C14	2
86228FD3	1
7BC26778	1
126D3129	1
77238AA5	4
863A3505	1
5E203DDC	1
862BB5F0	1
862AD79D	1
7B691FDD	1
80DECAD2	1
7EE54A8E	1
7E439C5D	1
7DA7259D	2
79084D18	1
0451DF62	4
7DD69C7C	1
59DFAE79	1
5A90FEEE	3
7FFE9004	1
80B8B471	5
86293375	1
038DA6EF	1
589D466D	4
73498DBC	1
7FD987E3	11
78FCFE48	1
8623D32E	1
7F374A6E	1
7E263DC1	1
7DFF494A	1
8312D6E5	2
7EAEC868	1
86399A3D	1
7E2F4FF8	1
0AC1BE5F	1
8621F8BE	1
0220708B	1
7DC55F0D	1
863B5F0A	1
7E54B45F	1
7E4CEC59	5
863ED29E	1
7ED39AD1	1
7E561D41	1
12E2517E	4
79CE4F5D	4
863E5C7F	1
7DA0B9A4	2
7A081A53	3
8639D4F0	1
7EF1724E	1
7E62A832	3
7E0372FC	2
47EB6EFB	1
5CB841D5	1
48077167	1
7D8ECFD5	1
86389890	1
7E5A5DCD	1
7DB92CAB	1
81444681	1
757D956B	3
7F764A8A	1
01AF7229	1
7E6145A7	2
7F1D2C8B	1
751514AE	1
7FEB8AC0	1
042E7616	19
8629D427	1
852EA2FD	1
7ECD63D6	1
7D3B29E2	2
034AF631	1
8634E2EE	1
7CFE9E7C	1
7B5BB551	1
800BEE8A	4
785C6BF9	1
859C17B2	1
78752131	4
805319BD	1
861CFB8E	1
863B823C	1
7BBC913E	1
83CDB57D	1
001383A5	3
8623D56C	1
808385DD	1
7F859516	2
7F6D94CB	1
82F660F6	1
7580D621	1
7E7315FF	1
814BF345	1
794E34BC	1
816727DD	1
7E6B8807	1
789E1D48	1
814F2476	1
85762019	1
863D48EE	1
54711D48	1
80DE2B30	1
7EBE04E2	1
86257E74	1
7E585F1D	1
148FA8D0	4
7FB2F803	1
80A904BD	1
7E23DD33	2
02B6ED72	10
00A633A7	2
86353A28	1
7F7C55C7	1
815A03EA	1
8626C00C	1
85C9829E	2
7E1BB5F5	1
772D19DE	1
792B432C	1
81B3F651	2
862494DC	1
7400755E	2
7E008C79	5
804E61DF	1
4825371D	1
803BE5F0	1
7D5B1BAF	5
751F76AB	2
76AAEAF1	1
81E90131	1
863C98EA	1
8116ACDE	1
785926A3	1
7C2FA4FF	1
804570D2	1
84E545C1	1
85593DF6	3
789E17A6	7
8628A54B	1
84B36A12	2
82B3A5A8	2
7D096862	1
5A0896A7	3
80017618	2
863A3190	2
77A01BBC	2
7FE4779D	2
58B1A806	1
83007DA4	1
81763CE3	1
4816BF99	1
7DCED66D	1
7A11CA30	4
7E666FC3	2
7F495D9B	1
1B74F0E7	3
79480EB8	1
4A8BFE04	1
8631184C	1
79DA7D8C	1
7F704070	2
7F938A82	8
764DE434	1
0244457E	2
8630F149	1
811AB914	1
8033D3CB	1
7E381A22	1
14E0D85C	1
16E91F43	5
862B4193	1
7FDCD7AD	1
7D99FBF4	2
80CF5CC8	1
7D0E7486	1
80325C25	1
750E34C8	1
776275B3	2
7E0422BF	3
7E87AB15	2
76D55C66	1
2B3E2CE9	1
80F7F348	1
86369556	1
86219980	1
7F34EB9A	1
8319029D	2
8005A689	1
7F29D1C3	4
7D8E421D	1
182A8437	1
006CACBF	1
09ECC9F4	1
6DB376A1	1
862B6B9D	2
8162D103	6
817F135B	6
84579F28	1
7B5D706E	1
7E50AF3E	7
7E43AC04	8
70F16C4C	7
77130E15	1
7D9076D4	1
807DA3E1	4
7A2F5EF8	6
80B584F7	1
812FBAD0	4
8189C2EC	1
8572B0F7	1
863B5D75	1
861F393A	1
7C6BDBAC	1
7845F085	2
7B811DB3	1
7E91E8C6	1
7E109EC6	1
7EC8FDFF	1
7B417CA3	1
84E9406F	1
00266675	1
7C358B8B	2
86247B80	1
841F49EF	1
7D5EE09E	2
7ED58E4E	3
0F2F076A	1
01ABB678	1
7CFD714B	1
804CD87A	13
86218E9C	1
863CCB4A	1
7F9E8A6C	1
6B93198F	1
7D7D8C04	1
7D815271	1
7CF88696	2
1063FDE7	1
042CB522	1
7D3D8936	1
807C257E	1
80767D6D	1
86364F70	1
7E4F3592	3
7F1A4137	1
7D040FBB	3
79E21FB0	1
81D9DED3	1
7E12A892	2
76530812	1
7F5B15F7	1
863BBDB4	1
7E6C88BF	1
7E2BC0EF	3
80B6D8B1	1
7DA62A8A	1
7F709F1A	1
83FD21E3	1
768DF1FA	1
783FB8A3	3
824C57F2	1
7F44BDEA	3
84B9AAE2	3
84433236	4
86302DFF	1
640E477C	3
4AB00882	1
68D31776	1
4AB3A793	2
58B7A096	2
86378B5C	1
849A8C31	1
71432B7B	3
75B8A2BB	2
7511263B	1
13F401AD	3
84B78197	1
293510CA	1
7BCCDF04	1
76FF52F5	2
8131C934	1
801D7317	2
807ACFC8	1
81114816	1
75851912	1
7E383FDE	1
862BCF77	2
4361A1E2	1
7EB9C7C4	1
7FC1790F	1
7D6F2C89	17
7B0CF848	1
862B3D84	1
8478F68B	1
863AE89B	1
12E5A5BF	1
7E0FD380	2
78F46DED	3
80B1F8BF	1
76664C26	2
86233EB8	1
862B8BCD	1
86213ADC	3
7F361FEE	1
85722688	1
710E1FAA	1
7F66E083	1
0084A07F	2
15BBFDF4	1
805902DB	1
7F11FD9C	3
862F255B	1
7E02A2C6	1
01F86323	1
80345D02	2
79170C8D	1
7741E32B	9
6EE7BFF4	6
76D0FABD	1
7BBDEFE0	2
7A5A2EA6	1
7F2DC836	2
78B2EC83	1
78C85516	1
805E3DBB	2
7E8C394F	2
7E1E8906	7
85D04C99	1
7C917422	1
8151C72A	6
8293BED8	1
0AFBAD13	1
7BA48E77	1
7D74BCE7	1
7F69B36D	1
0793BB49	1
8622F308	1
7FF8E7D4	1
7E55D437	1
862D9500	1
8136537D	3
7F19AA69	1
024EA9CA	1
863CFF5F	1
48764EA3	1
7FC2BE68	2
86256F90	1
862EB2EA	1
80FDC32C	1
7FD3CF11	2
7FD859A5	3
7DCD5D18	2
143CD5C7	2
82017A92	1
83DA29BF	3
8623C729	1
81378D4D	1
80731E81	1
862D1D56	1
8004527C	1
86360576	1
8167014C	2
72601BCB	1
7FA11BEC	6
7B6CA43B	3
7DA24057	3
12774781	1
82CEBD52	1
80E8F830	1
416E140F	2
8622D523	1
80A5AD60	3
7D654E53	1
7F7B68F5	1
0045875F	1
02CBCDE4	1
85C76A04	1
69E08E1B	1
7E29E16A	1
80DA8C66	1
8630A925	6
8137E824	1
863ADCFF	1
0AF93B00	4
7FF28BCB	2
62CB8435	1
8634716A	1
8398D5D1	1
7F087C72	1
834D2F09	4
806154A9	1
7D3B4F61	1
7E1310F9	1
7D5E0EB0	1
7F8F03A7	1
7FA0F566	10
81AF4D55	1
21F63DC0	3
807E50C5	8
85073982	4
7EA4CFDE	2
81C1E97A	2
77305FC5	1
7D15431D	2
7E43B147	2
711E97A0	1
8293196C	1
7EAA4127	1
0DAF02FF	2
7F45BFA9	4
716BD10C	1
048AA863	2
2756C443	1
8179F47D	2
64AEBE71	2
835ACD33	1
7A59DEB8	1
7EA0FFD3	1
80E60F23	1
75E73187	4
7FB279D6	6
7D23FD37	2
7D0A952E	2
7EBB0710	1
861F9FC4	1
75C67BE1	1
7DB5F696	2
80AC4915	1
6F6F6B24	1
847D16B6	1
85C80A79	1
8337BEBB	2
07F8870E	1
05A67742	7
62C39C42	1
861E9C51	2
79E3E3FC	1
81335E16	1
75D1DF31	1
7CBF6284	1
80929626	1
0C1BCCC0	2
7AA4A9D5	1
774AFFDC	3
6D2BA8BE	3
04C5F5B6	1
11E98B28	1
8070D94B	1
76A72968	1
06D85661	8
8122DB75	1
85434617	1
7715F578	1
81176EF7	2
733C8221	1
0BA6F9CE	1
7FDE3645	5
7A5591D7	2
8633ECCF	1
0276B282	1
8004C0F3	4
2A336423	4
8057EAA7	1
7E251EC2	4
0EB3B24F	1
7EAE184A	7
7F5DE073	1
84FAF733	1
80BE4763	1
77A3D675	2
7D5FF113	1
8595170B	1
760405AC	1
7F2D6590	1
7DE1C40F	1
795BDAC3	1
7976E3A5	1
80A072FD	3
852F9180	1
7757F828	2
08E438F1	2
7F4CF3ED	3
86363FB7	1
8166822E	5
0D26BA25	1
857384B3	1
80F59723	1
8639F95F	1
4A9C4235	2
0A0B7A9C	2
7D03BA8C	1
863956D3	1
810C85E0	2
834568FC	1
8378B581	1
7A06E4DB	2
7F413AE7	1
86387333	1
7CF2DADA	1
7D095A21	1
7EEC5091	1
7FD7668C	2
842BE9DD	3
7F8C859C	1
76D19E49	2
77780B99	1
81D658EA	2
80E92F00	1
84B60924	2
78FB288E	1
7E8C2157	1
82EEA5A6	1
77F9B6EB	1
7C3D2B20	1
7D36CED2	1
7FA18E2D	13
810C3508	4
863528B5	1
814A28A9	4
7FDB14AF	1
7D07E0BE	1
7B039890	1
7C5BD87A	3
559BC5B1	1
786DB4D0	1
799EFF26	7
80F636E3	12
8630DD54	1
8009B5A4	2
83534946	1
7A61E998	1
77C1311C	1
7E6B1678	1
80576E73	1
78E48108	1
7DEB06CC	1
863EFE56	1
7FB7C8A5	3
048C817D	3
7F749E56	5
862CF627	1
09E688C8	1
80466419	3
7FCF9A5F	2
80FA2109	1
00FB01B0	1
80BFB846	1
7E8CC1F1	1
86215AF4	2
7ECA58D7	1
8122BF98	1
7E2C7104	1
0D931CCC	1
13980CB9	2
7D6B3A56	1
86105520	1
7D9BCB71	2
82E70BE3	2
80B081FD	1
7DB7EBA1	1
810D9C6F	10
7D7C50BB	1
7DE55F54	3
3D3C1665	1
849EF19F	1
081FA083	5
80595875	1
8018B0C1	1
8077FC75	1
0ADC7977	4
78107200	3
84D1A4E5	1
305A60A9	3
7BFAD13A	1
00855F5B	1
7F9B06A9	1
8246D016	1
7F603CFE	1
7E08D219	1
7D51612E	1
0E9399BA	1
81A39F49	1
7EBCDD8F	1
7E7A49A0	2
8045EB45	1
804CECF0	4
7F1202CA	1
09BFD5C2	2
856E2343	3
7FAC7C13	1
862A2E0E	1
841EF4E0	1
13AC9B6A	1
7B4435F1	1
8075A26D	1
67571794	2
4C340690	3
81455CE6	1
8620D2DB	1
799A6DFB	1
8629B820	1
265FCB99	1
79EA5E8E	1
862C5F09	1
84CF876E	1
7F0E04D0	1
7FCD5342	3
863A8E96	1
79BD4DA4	1
7F9498E1	1
856CFA9B	1
79BB410A	1
78DB2EDE	2
771446D1	2
7A6DC1EB	1
4B8B90C2	1
8070020F	1
7EE53874	4
7118CDB9	1
7D193F47	1
7FC5F971	1
86256A2E	1
76AF007D	1
7EF90BB4	4
81141ED5	1
7D7EC1FE	1
0C8F00C9	1
79C2C257	1
488136A4	4
013CAA8C	1
2B5EE929	1
7E99D15E	1
7FB7F61F	2
862981B9	1
7FF4C372	1
7E74F1DD	1
86337C3D	1
8623D8EA	1
861F50AD	1
5C5D44C4	2
76615FAF	1
86206BC8	1
77C37A9F	5
7816A112	1
86340449	1
7C3A8AFD	1
12F65516	2
0E2EB2F7	1
78088845	8
8629B6C1	2
7D67E889	1
765995BD	1
7EACFBEA	2
7F8D6E76	1
7F4ECA76	4
7CA63060	1
863D3622	1
86370A6B	1
863C9608	1
2AE1455D	2
3C95B0CB	1
863A795A	2
86398C44	1
7F3A7EEC	3
8477C1C9	1
7F35872C	7
7C8FE75A	1
768FDD96	2
861B4C38	1
862A1081	1
778E5751	1
75DCF1BE	2
83E18992	1
5716B780	1
8635025F	1
7FA636B1	3
7D52E906	1
05AD0CF0	4
7FCAB881	1
8635B4A8	1
7E3F03EB	2
8548D204	2
80D763E9	1
86326BE9	1
8228A033	1
81C278CB	1
7FB2CC5E	1
7786B720	5
7E5A8351	1
5C00A89E	1
7F485079	1
7F3F3EEB	3
81301057	2
86210282	1
7D94B525	1
27B641E6	1
054241A3	1
862B0DA0	1
850F456F	1
84C10915	1
7F661A76	2
78C93A34	6
7D8C68E6	1
00A7A849	4
863B8013	1
7743613E	1
82D441B1	4
5F860F71	1
7FAA043F	1
182F1E68	1
7E1F9C12	1
7E5F043C	1
777721E5	1
7EA12D85	1
807351A7	1
7E6795D3	1
7EAA449F	1
7732A1FA	1
803BA298	1
7E3C0AF4	1
02FAE3A5	1
7D2F5FB5	1
7C7E1DAB	1
809C94ED	5
13186B74	2
7E3F2A9C	1
792F9AC2	1
77F74EE6	2
7F151FDD	4
7AA7745A	2
792A6C16	1
84E31DF1	1
855EE944	1
7CFFEDD2	2
862AB9EA	1
7CB12CC5	2
095FF256	2
80C07D6E	6
7FF3F2DB	1
814EF395	2
863AFD6A	1
7EF652D4	1
6E618DBF	3
85195C4F	1
863086BA	1
58ABF8BD	1
711F78D3	1
8620DB63	1
22436DEC	5
0C07ECE5	1
7D55DB87	1
832889A6	2
22CD9421	1
759A22D1	1
29275399	2
7E1DFF1B	3
1DC30143	1
81766044	2
80E40C1C	1
7ACCFDEE	1
7DD66B4A	2
491477F9	1
7FCB61C4	1
78770C11	3
80623D64	1
2204E69F	4
7FA47AE5	2
75AFB4FF	1
77E10214	1
7F8F2F23	4
8194C7DE	1
04429D27	1
8083FF2C	1
81A8C7C1	1
8176DA10	2
7D83F48E	1
8627CB12	1
7D427A69	1
78BDF3BB	1
1BA1B0C2	3
862DE2D2	2
34DCA456	1
82DA43DF	2
7D48FE51	1
7EEF098B	1
29851D41	1
7592AC41	1
77734E34	3
86246CA7	2
75232E47	1
0E69A785	3
7E7A020B	2
7BF496FC	2
8067ABEF	1
8080CCC6	2
7F326E5E	2
76FE0A77	1
86367E70	1
83503AC5	1
809C5E77	1
7B9C63AC	1
7F8B6A72	2
8636ED02	1
77948C86	1
075ECEF9	3
0A9DAFFB	1
863A1F5E	1
4AC488EF	1
7DBA75E8	3
10A85A3D	5
863A7D95	1
7FD11CD5	1
863DD097	1
7E6C307D	1
17303F19	1
8620590F	1
823A688F	1
0C397B57	1
7ED16E4C	1
7F19B6C1	1
8636D0DE	1
7F0C0802	2
73CC4E90	1
7CFBA929	1
8635CA60	3
7EDF89D5	1
86273C7E	1
7E78FB32	2
2866CA8C	2
177872FE	1
097AA0EA	1
78972B73	1
8632FDD1	1
4BFF66B8	1
8631F75B	1
810AD984	2
84C1032B	1
7721FDB6	2
8622DBEE	2
7D193D57	1
7D918BB1	2
80A8C8F8	1
7F17D97F	4
7FC1EFA6	7
75F63D52	2
81C15CB2	2
040F9D35	2
7E424401	1
86375E9E	1
7EAB314F	4
7E0978E5	1
7DB9293E	1
85C43AD6	1
7E478C2E	1
7A77780B	1
809BCEBB	1
8420F82D	1
8622C27C	1
7D3086CF	1
5A92CF71	1
7F01A06E	5
1D736A92	3
7CF2BBC8	1
7F9C84E6	4
75515D06	1
7CEC8523	1
8149AFAE	8
1147E5E7	1
84F75364	1
807381E9	1
7D95631B	1
803D189A	4
7F9827BF	1
8106DD78	2
2A6744B7	1
0D181CD3	2
7FECFB1D	3
59779D3D	1
7625FC26	1
45517B19	1
806FB740	1
862AF494	1
7CFA26A1	1
86398AA4	1
7E88C142	1
7E643A8A	4
7F68A4E9	6
80E581C3	1
771964B4	1
7EAEBA4D	1
8632DEFB	1
7D34673A	2
7AB848A0	1
7BD8702F	1
80EACCD3	2
81890839	1
0B552395	8
77AF44AE	1
14DC6434	1
7DC42F9B	1
7D91AB65	3
7DA3ACA1	6
7D7D3103	1
84BD7F09	1
78391C55	4
0879A645	3
7BBCBDE9	4
0EA0FEF0	4
85BAC1C2	1
8172AD3A	1
68514A4A	1
7573205F	1
7C342E61	1
7E17CE3B	9
7997F6C9	1
7FED54B3	3
8639BF39	1
0CE3AFC5	2
19861AFE	1
7DA2F9AA	4
0169DDDB	1
801CA658	1
7E109ACC	1
7E6C3516	1
80F885B0	1
8625926E	1
7FAEA362	1
84E9ADC9	2
15891399	2
4A040B3E	1
86235423	1
0A9A229B	1
806058B4	2
81487C4D	1
7E376911	2
813AE99E	1
10E2AFD4	1
7F53889D	1
0D37B4C2	5
09185848	4
80AFFD0C	1
8177F344	1
80D4622F	1
8159EB27	2
03E7AA14	1
7AED40DB	1
8623E656	3
826D4909	1
7EEBEA06	1
2A1A9AB2	1
76AA1156	1
83F4DFF2	1
7E638EE7	1
8623A60B	1
75915550	1
86299F04	1
0A7444DB	1
7FDDF5A4	3
4BF5F94B	2
2FAB0F17	2
80520FA4	3
7D700083	4
8519F5E4	1
7DA8C227	1
6C541D70	1
8639A5FD	1
7E83B9FE	3
8556CF43	2
81BF3223	1
78AE96FB	1
84016D8C	1
7F96A464	1
7F253E17	1
7C5968E3	1
7DF82620	1
86039109	1
0B6C9BC0	5
793126EB	2
80F39323	1
7D22404D	1
7DEB435D	1
837A64CF	2
7535D27E	1
781D8D30	1
8284EAA6	1
7E1A1FFE	2
7EB31DE4	1
2873A8BA	8
81308799	1
86275DF9	1
7D9DEA93	1
76F182F6	1
7EB50BC4	1
7FA216B7	1
736C5F7C	1
7596B2E1	1
76763B6A	1
05E359C0	1
855D7498	5
86378931	2
0EDB2425	1
801CCD0E	1
70EE1129	2
127DA039	9
7A56831D	1
0C6F55C1	1
1391A2E8	1
7DC17A92	1
7F5E54A8	3
78F94CF7	1
8146AA59	1
7E059FC3	1
7D107EC6	1
8629A340	1
7893EEA6	1
7843BEDF	1
7798B9F1	1
12EC25AE	5
7EED9635	2
86339A49	1
80FEB6A1	1
7D024D0F	1
7E06B02F	3
7F55AC10	1
807A0029	1
7D52A0C0	5
7CF72ACE	3
81E0A14E	1
7F01D838	1
84A1EBB2	1
8635CE70	2
7D316C96	1
82C452C1	1
7EA1F4B9	1
6D9F8CC9	2
14733191	6
7D2705AB	1
802E2FDA	1
78BC8259	1
8438A344	1
801BDCC9	1
7F0406C9	1
7B4613A0	25
8628B835	1
6895D61B	1
8030574A	3
774440D0	1
781B45B8	3
7DB9F517	1
803B144A	1
86245A0F	1
7F1934C4	1
7D2F32EF	3
7F685825	1
5F2E328C	5
7DF4D2F0	1
7F03084E	3
7F2475C0	1
7DF6591E	1
7EC36FEC	1
7634075A	1
7D481411	1
7DD5260F	1
0579ECC2	1
7F18EC20	1
8580E742	2
7EEAD85A	1
7729F9B2	2
809B5039	1
7D23196F	2
09AEEDDD	1
80465CC6	1
7F6BB555	2
863A3EF8	1
790D2AC6	1
81610FEA	3
758EB3EC	1
0619183E	6
791327DE	1
8178A480	1
7FCEBEB9	1
825B4FA8	1
7BFB7BCF	2
2AD2CBFD	10
863DC8FB	1
81306A4E	2
84AF1AD4	1
817354C7	3
861F9237	1
7CE3FF2B	2
809C9D6F	1
771970B6	1
86313F7C	1
68024EEB	1
7BBCFB98	3
04E3960E	1
80A6FA26	1
85754044	1
86239F52	1
817C298B	3
7F598EBD	1
00AB1189	1
81A374C8	1
85D368ED	1
80ECB915	1
7B2E9A51	2
81339334	1
7EDE83CC	5
86250BF3	1
7D6AEE7D	2
857565CE	1
7573CB5D	9
7A0E391C	2
7A55BB46	1
6A0B3737	1
8006ACC1	2
7D8003C7	1
456503AD	2
7F159368	1
80AB7A92	1
046B848A	1
05AC7CF3	2
7DAA66F1	1
84F8A041	3
783B598D	1
809DB11F	1
7CED727B	7
80355E2A	1
8112EA2B	2
863A8853	1
815E121C	1
7DD5E531	1
7E8A5B2F	1
021E3BDE	5
862D7575	1
2A2AEF70	1
80C50341	1
85752136	1
7FF9DFC3	3
8570FD7E	1
7ECA7139	2
7E603BEF	1
7FE0DFF7	13
75318735	1
7E40DD3F	1
76EC0B99	1
85FB3AC4	1
7D098C23	1
7732A438	4
7DFA1592	1
49B00016	2
816ACDCF	1
7C9AAD37	2
0B4D815F	1
7FCA2220	2
8174B219	1
862E06E4	1
7F6CE958	2
8110687F	1
7FB61287	1
81BC5F8C	1
4B883D68	4
8253F055	1
862C522C	3
7FEA414A	1
7ED75D52	1
7F9CBF63	1
43D19DF4	1
68A075EB	1
779252B9	3
75DB2F6D	1
7E889253	1
73348C49	2
4BA89AEE	1
809377D8	1
49FE1C1D	4
7E928474	4
7520F0E4	1
863EC749	1
7D488BB6	1
76ACCEF1	1
7E0A92F9	1
2905F69A	1
8161CA2E	1
76C82520	2
8381F0F1	1
7FE4B4C2	2
7DFB74C8	1
7D003BE7	1
000D778A	1
8637F61B	1
863602C5	1
804906FE	1
7EB90549	3
1265481E	2
293C6866	1
002B8518	1
79A49390	1
7EBE0244	1
78A6B963	1
780767CC	3
8014368F	1
863E72C6	1
7CB73BFD	1
7984B6C2	4
7D294778	1
80F026C1	1
7F9A5BCF	1
7A0039DC	1
7DC43FBA	1
7EF27ABA	5
7F0633F0	1
63ED6BC8	3
72CACFD1	4
2A06D08E	2
0736F258	3
85234D2D	1
21B2AFCA	5
843F40D4	1
83EAB65A	1
0EB3DBF7	6
7E7F9BE9	3
7C58CB62	1
863CB80A	1
8143DBA2	1
0BB2AD54	1
8639E235	1
7BEAEE0F	1
7FB76137	2
0671AE57	2
7F3E50B7	1
7E06D780	1
7B191525	2
7FE48D89	1
7F59EDAF	2
7E090116	2
7BF36782	1
7B30DFCC	1
7D8E3DFD	2
86284739	1
53FD5233	1
75D213A2	1
7909B630	1
7EDBF4ED	1
77F4B0FE	2
026C6612	2
5F2351D6	1
10F0EE4E	3
777DBB92	1
80FA7FBA	1
06F3C546	3
2AC4EF96	3
80181C46	1
8167F5AF	1
003CFC4D	3
80C14C0A	3
783BCF3D	1
862B45E1	1
7F6CE177	1
78153243	2
80D5BCFC	1
7D1A95CB	2
816A7160	1
7ECAA969	2
7F3AA38A	3
7D105AE5	2
7598C575	6
7EA54981	1
00CC9FD9	1
09AA7027	1
0053B936	1
48B83331	2
7D7E40EC	2
7DEFADA0	2
863B2DF1	1
813EB4EB	3
7E736AEE	2
0125BCF1	2
80218349	1
7EC5A5B6	8
11305E4A	3
80059E8C	1
84383459	1
863433AC	1
6554036D	1
01FB9892	1
862F757C	1
7F5B97ED	1
812CC1AF	1
81B4CE8F	1
7E02478C	1
022E6FE1	2
81C977C2	1
7C34F3AD	5
0815FCF2	1
7BEFBA18	5
037D2715	2
7E529F4C	2
83B2CA59	1
7E788D97	9
7656018A	17
7F35720C	1
7E3B6474	1
76C650A6	1
86052C6E	2
72DE0C6D	1
8510D385	1
7F97273A	1
5EEDB2BD	1
7F13447F	1
0247B4E7	1
7D985F03	1
810D99DE	2
84288306	1
11F29884	2
7F2E89B4	1
8623C6E9	1
7FEAC344	3
8623614C	1
78E8AFF1	1
80530969	1
7A8C8D53	1
7E3FAEC1	5
79E9563F	1
766209A7	1
16F1F872	1
84431B72	1
02ED1121	1
4ADB078F	1
81527C10	1
849D9A50	1
7B63B89D	1
849E47CE	1
7B0542A9	2
7DB12522	2
7639A8C7	1
019537FC	1
86339A2A	1
80FE91E2	2
80D8FB27	3
045D33E0	3
79522109	1
7D64F844	1
0156C217	5
86254FA2	1
7FC5C7FF	1
7CF2A1EE	4
7DB54482	1
73589502	1
8123CFF4	2
7FDD7A85	3
7F54125C	1
8427F845	1
7FFC1CAC	1
863E283A	1
5CB1ED41	1
8123EDD8	1
80BBE596	1
7F5CA283	1
770A9918	1
